postal_code;federal_district;region;city;timezone;geo_lat;geo_lon;population;foundation_year
385200;Южный;Республика Адыгея;Адыгейск;UTC+3;44.878414;39.190289;12689;1969
385000;Южный;Республика Адыгея;Майкоп;UTC+3;44.6098268;40.1006606;144055;1857
649000;Сибирский;Республика Алтай;Горно-Алтайск;UTC+7;51.9581028;85.9603235;62861;1830
658125;Сибирский;Алтайский край;Алейск;UTC+7;52.4922513;82.7793606;28528;1913
656000;Сибирский;Алтайский край;Барнаул;UTC+7;53.3479968;83.7798064;635585;1730
659900;Сибирский;Алтайский край;Белокуриха;UTC+7;51.996152;84.9839604;15072;1846
659300;Сибирский;Алтайский край;Бийск;UTC+7;52.5393864;85.2138453;203826;1709
658420;Сибирский;Алтайский край;Горняк;UTC+7;50.9979622;81.4643358;13040;1942
659100;Сибирский;Алтайский край;Заринск;UTC+7;53.7063476;84.9315081;47035;1748
658480;Сибирский;Алтайский край;Змеиногорск;UTC+7;51.1581094;82.1872547;10569;1736
658700;Сибирский;Алтайский край;Камень-на-Оби;UTC+7;53.7913974;81.3545053;41787;1751
658041;Сибирский;Алтайский край;Новоалтайск;UTC+7;53.4119759;83.9311069;73134;1736
658200;Сибирский;Алтайский край;Рубцовск;UTC+7;51.5012067;81.2078695;146386;1892
658820;Сибирский;Алтайский край;Славгород;UTC+7;52.999463;78.6459232;30370;1910
658837;Сибирский;Алтайский край;Яровое;UTC+7;52.9252146;78.5729775;18085;1943
676805;Дальневосточный;Амурская область;Белогорск;UTC+9;50.9213415;128.4739471;68220;1860
675000;Дальневосточный;Амурская область;Благовещенск;UTC+9;50.290659;127.527198;214397;1856
676870;Дальневосточный;Амурская область;Завитинск;UTC+9;50.1064111;129.4391813;11481;1906
676151;Дальневосточный;Амурская область;Зея;UTC+9;53.7340088;127.265787;25042;1879
676770;Дальневосточный;Амурская область;Райчихинск;UTC+9;49.7941615;129.4112492;20499;1932
676450;Дальневосточный;Амурская область;Свободный;UTC+9;51.3614103;128.1219729;58594;1912
676011;Дальневосточный;Амурская область;Сковородино;UTC+9;53.9871095;123.9437205;9561;1908
676280;Дальневосточный;Амурская область;Тында;UTC+9;55.1546441;124.7468904;35574;1907
676470;Дальневосточный;Амурская область;Циолковский;UTC+9;51.762481;128.1219846;6208;1961
676301;Дальневосточный;Амурская область;Шимановск;UTC+9;52.0051886;127.7005458;19815;1910
163000;Северо-Западный;Архангельская область;Архангельск;UTC+3;64.5394289;40.5169606;348716;1584
165150;Северо-Западный;Архангельская область;Вельск;UTC+3;61.066;42.1032789;23885;1137
164110;Северо-Западный;Архангельская область;Каргополь;UTC+3;61.5009724;38.9636966;10148;1447
165650;Северо-Западный;Архангельская область;Коряжма;UTC+3;61.2885948;47.1003015;39629;1535
165300;Северо-Западный;Архангельская область;Котлас;UTC+3;61.2528972;46.633242;60562;1617
164750;Северо-Западный;Архангельская область;Мезень;UTC+3;65.8398078;44.2532273;3599;1500
164170;Северо-Западный;Архангельская область;Мирный;UTC+3;62.7645265;40.3360076;30259;1957
164900;Северо-Западный;Архангельская область;Новодвинск;UTC+3;64.4136851;40.8208143;40612;1936
164200;Северо-Западный;Архангельская область;Няндома;UTC+3;61.6654674;40.2062947;22354;1898
164840;Северо-Западный;Архангельская область;Онега;UTC+3;63.9162928;38.0805031;21359;1137
164500;Северо-Западный;Архангельская область;Северодвинск;UTC+3;64.5625385;39.8180934;192265;1936
165330;Северо-Западный;Архангельская область;Сольвычегодск;UTC+3;61.3319616;46.920441;2460;1492
165160;Северо-Западный;Архангельская область;Шенкурск;UTC+3;62.1057272;42.8996973;5702;1137
414000;Южный;Астраханская область;Астрахань;UTC+4;46.3655652;48.0559236;520662;1558
416500;Южный;Астраханская область;Ахтубинск;UTC+4;48.2752034;46.1906462;41898;1768
416540;Южный;Астраханская область;Знаменск;UTC+4;48.5866291;45.7368019;29357;1948
416340;Южный;Астраханская область;Камызяк;UTC+4;46.110579;48.07333;16291;1560
416111;Южный;Астраханская область;Нариманов;UTC+4;46.6916565;47.8502476;11386;1963
416010;Южный;Астраханская область;Харабали;UTC+4;47.408999;47.2525345;18209;1789
452920;Приволжский;Республика Башкортостан;Агидель;UTC+5;55.8999056;53.9220144;16365;1980
453630;Приволжский;Республика Башкортостан;Баймак;UTC+5;52.5912896;58.3110998;17710;1850
452000;Приволжский;Республика Башкортостан;Белебей;UTC+5;54.1034582;54.1113129;60183;1757
453500;Приволжский;Республика Башкортостан;Белорецк;UTC+5;53.9676488;58.4100419;68804;1762
452450;Приволжский;Республика Башкортостан;Бирск;UTC+5;55.4155753;55.5582214;41637;1663
453430;Приволжский;Республика Башкортостан;Благовещенск;UTC+5;55.0499867;55.9553186;34246;1756
453400;Приволжский;Республика Башкортостан;Давлеканово;UTC+5;54.2226707;55.0312373;24040;1730
452320;Приволжский;Республика Башкортостан;Дюртюли;UTC+5;55.4848318;54.8524765;31272;1795
453200;Приволжский;Республика Башкортостан;Ишимбай;UTC+5;53.4545764;56.0438751;66259;1932
453300;Приволжский;Республика Башкортостан;Кумертау;UTC+5;52.7564939;55.7970197;62854;1947
453570;Приволжский;Республика Башкортостан;Межгорье;UTC+5;54.2397689;57.9614547;17353;1979
453853;Приволжский;Республика Башкортостан;Мелеуз;UTC+5;52.9589532;55.9282838;61408;1766
452680;Приволжский;Республика Башкортостан;Нефтекамск;UTC+5;56.088377;54.2483061;121757;1957
452601;Приволжский;Республика Башкортостан;Октябрьский;UTC+5;54.4815311;53.4655972;109379;1937
453250;Приволжский;Республика Башкортостан;Салават;UTC+5;53.3616974;55.9245224;156085;1948
453830;Приволжский;Республика Башкортостан;Сибай;UTC+5;52.7204651;58.6663783;62732;1925
453100;Приволжский;Республика Башкортостан;Стерлитамак;UTC+5;53.6300864;55.9317089;273432;1766
452750;Приволжский;Республика Башкортостан;Туймазы;UTC+5;54.5999224;53.6950623;66849;1912
450000;Приволжский;Республика Башкортостан;Уфа;UTC+5;54.734944;55.9578468;1062300;1574
453700;Приволжский;Республика Башкортостан;Учалы;UTC+5;54.3067375;59.4125461;37771;1750
452800;Приволжский;Республика Башкортостан;Янаул;UTC+5;56.2650146;54.929907;26988;1730
309850;Центральный;Белгородская область;Алексеевка;UTC+3;50.6299647;38.6880342;39026;1685
308000;Центральный;Белгородская область;Белгород;UTC+3;50.5976472;36.5856652;356426;1596
309920;Центральный;Белгородская область;Бирюч;UTC+3;50.6484585;38.4005083;7842;1705
309990;Центральный;Белгородская область;Валуйки;UTC+3;50.2111207;38.0998772;35322;1593
309370;Центральный;Белгородская область;Грайворон;UTC+3;50.4862958;35.6663877;6234;1678
309180;Центральный;Белгородская область;Губкин;UTC+3;51.2837123;37.5347759;88562;1939
309210;Центральный;Белгородская область;Короча;UTC+3;50.8129041;37.1896436;5877;1637
309640;Центральный;Белгородская область;Новый Оскол;UTC+3;50.7633747;37.8775484;19530;1637
309500;Центральный;Белгородская область;Старый Оскол;UTC+3;51.2967101;37.8350182;221163;1593
309070;Центральный;Белгородская область;Строитель;UTC+3;50.7845099;36.4887648;23933;1958
309290;Центральный;Белгородская область;Шебекино;UTC+3;50.4004883;36.8877889;44277;1713
241000;Центральный;Брянская область;Брянск;UTC+3;53.2419535;34.3652146;415640;985
242600;Центральный;Брянская область;Дятьково;UTC+3;53.5958178;34.3551812;29438;1626
242700;Центральный;Брянская область;Жуковка;UTC+3;53.5340397;33.7302579;18269;1871
243600;Центральный;Брянская область;Злынка;UTC+3;52.4267015;31.7360399;5507;1702
242500;Центральный;Брянская область;Карачев;UTC+3;53.1296524;34.9888727;19715;1146
243140;Центральный;Брянская область;Клинцы;UTC+3;52.7529119;32.233911;62510;1707
243220;Центральный;Брянская область;Мглин;UTC+3;53.0599771;32.8468129;7916;1387
243020;Центральный;Брянская область;Новозыбков;UTC+3;52.537173;31.9357991;40552;1701
243400;Центральный;Брянская область;Почеп;UTC+3;52.9154851;33.4744058;17933;1447
242440;Центральный;Брянская область;Севск;UTC+3;52.1483358;34.4918415;7282;1146
241550;Центральный;Брянская область;Сельцо;UTC+3;53.3739884;34.1059172;17933;1870
243240;Центральный;Брянская область;Стародуб;UTC+3;52.5852257;32.760403;19010;1080
243500;Центральный;Брянская область;Сураж;UTC+3;53.0170888;32.3938878;11640;1600
242220;Центральный;Брянская область;Трубчевск;UTC+3;52.5791734;33.7660547;15014;975
243300;Центральный;Брянская область;Унеча;UTC+3;52.8461199;32.6757629;26196;1887
242610;Центральный;Брянская область;Фокино;UTC+3;53.4554145;34.4159238;13874;1899
671230;Дальневосточный;Республика Бурятия;Бабушкин;UTC+8;51.7112755;105.8673219;4542;1760
671160;Дальневосточный;Республика Бурятия;Гусиноозерск;UTC+8;51.2865048;106.5230319;23280;1939
671950;Дальневосточный;Республика Бурятия;Закаменск;UTC+8;50.372713;103.286699;11249;1934
671840;Дальневосточный;Республика Бурятия;Кяхта;UTC+8;50.346543;106.4533516;20013;1727
671700;Дальневосточный;Республика Бурятия;Северобайкальск;UTC+8;55.635614;109.3361505;23673;1974
670000;Дальневосточный;Республика Бурятия;Улан-Удэ;UTC+8;51.8335853;107.5842223;431922;1666
601650;Центральный;Владимирская область;Александров;UTC+3;56.391819;38.7111123;61544;1300
600000;Центральный;Владимирская область;Владимир;UTC+3;56.1280804;40.4084376;348256;990
601440;Центральный;Владимирская область;Вязники;UTC+3;56.29773;42.2687398;41252;1608
601480;Центральный;Владимирская область;Гороховец;UTC+3;56.2021036;42.6926111;14015;1158
601500;Центральный;Владимирская область;Гусь-Хрустальный;UTC+3;55.6198751;40.6579929;60773;1756
601300;Центральный;Владимирская область;Камешково;UTC+3;56.3490152;40.9955183;13113;1892
601640;Центральный;Владимирская область;Карабаново;UTC+3;56.3131822;38.7034257;14868;1630
601010;Центральный;Владимирская область;Киржач;UTC+3;56.1486863;38.8635701;30044;1332
601900;Центральный;Владимирская область;Ковров;UTC+3;56.3554349;41.3170576;145492;1100
601780;Центральный;Владимирская область;Кольчугино;UTC+3;56.3327254;39.391336;45804;1871
601110;Центральный;Владимирская область;Костерево;UTC+3;55.9337222;39.6247398;9136;1890
601570;Центральный;Владимирская область;Курлово;UTC+3;55.452698;40.6124108;6791;1811
601240;Центральный;Владимирская область;Лакинск;UTC+3;56.0180587;39.956551;15707;1400
602101;Центральный;Владимирская область;Меленки;UTC+3;55.3387515;41.6340046;15208;1700
602205;Центральный;Владимирская область;Муром;UTC+3;55.5630311;42.0231362;116078;862
601140;Центральный;Владимирская область;Петушки;UTC+3;55.9298134;39.4508075;15167;1861
601120;Центральный;Владимирская область;Покров;UTC+3;55.9166398;39.1734526;17762;1506
600910;Центральный;Владимирская область;Радужный;UTC+3;55.9960277;40.3321855;18212;1971
601201;Центральный;Владимирская область;Собинка;UTC+3;55.9939169;40.0179653;19482;1858
601670;Центральный;Владимирская область;Струнино;UTC+3;56.3749967;38.5839667;14372;1492
601351;Центральный;Владимирская область;Судогда;UTC+3;55.9498056;40.8562939;11848;1552
601291;Центральный;Владимирская область;Суздаль;UTC+3;56.4274441;40.4525692;10535;999
601800;Центральный;Владимирская область;Юрьев-Польский;UTC+3;56.4937757;39.6680539;19588;1152
400000;Южный;Волгоградская область;Волгоград;UTC+3;48.7070042;44.5170339;1021244;1589
404100;Южный;Волгоградская область;Волжский;UTC+3;48.7978209;44.7462538;314436;1951
404002;Южный;Волгоградская область;Дубовка;UTC+3;49.0554742;44.8270085;14345;1732
403790;Южный;Волгоградская область;Жирновск;UTC+3;50.9768814;44.7858202;16890;1700
404500;Южный;Волгоградская область;Калач-на-Дону;UTC+3;48.6889024;43.5306303;26892;1708
403870;Южный;Волгоградская область;Камышин;UTC+3;50.0651529;45.3844202;119924;1668
404350;Южный;Волгоградская область;Котельниково;UTC+3;47.6310259;43.1330872;20441;1897
403801;Южный;Волгоградская область;Котово;UTC+3;50.3205766;44.8030699;24104;1710
404160;Южный;Волгоградская область;Краснослободск;UTC+3;48.7068721;44.5630857;16007;1870
404620;Южный;Волгоградская область;Ленинск;UTC+3;48.6936061;45.1992692;15527;1802
403340;Южный;Волгоградская область;Михайловка;UTC+3;50.0708719;43.2401512;59153;1762
404030;Южный;Волгоградская область;Николаевск;UTC+3;50.0165306;45.4731658;15081;1747
403950;Южный;Волгоградская область;Новоаннинский;UTC+3;50.5296067;42.6666439;17911;1956
404260;Южный;Волгоградская область;Палласовка;UTC+3;50.0500944;46.8804277;15984;1907
403840;Южный;Волгоградская область;Петров Вал;UTC+3;50.1380557;45.20914;13264;1942
403441;Южный;Волгоградская область;Серафимович;UTC+3;49.5663183;42.7360402;9368;1589
404410;Южный;Волгоградская область;Суровикино;UTC+3;48.618917;42.8541163;20527;1744
403110;Южный;Волгоградская область;Урюпинск;UTC+3;50.7903789;42.0288513;41594;1618
403530;Южный;Волгоградская область;Фролово;UTC+3;49.7649148;43.6648641;39489;1859
162480;Северо-Западный;Вологодская область;Бабаево;UTC+3;59.3892583;35.9377058;12074;1400
161200;Северо-Западный;Вологодская область;Белозерск;UTC+3;60.0308381;37.7890586;9614;862
162390;Северо-Западный;Вологодская область;Великий Устюг;UTC+3;60.7603913;46.3054414;31664;1147
160000;Северо-Западный;Вологодская область;Вологда;UTC+3;59.2483905;39.8355662;301642;1147
162900;Северо-Западный;Вологодская область;Вытегра;UTC+3;61.0063465;36.4495137;10490;1710
162000;Северо-Западный;Вологодская область;Грязовец;UTC+3;58.8757553;40.2485362;15528;1538
162107;Северо-Западный;Вологодская область;Кадников;UTC+3;59.5037764;40.3441148;4797;1492
161100;Северо-Западный;Вологодская область;Кириллов;UTC+3;59.8591523;38.3748782;7735;1397
162341;Северо-Западный;Вологодская область;Красавино;UTC+3;60.9612823;46.4814116;7003;1848
161440;Северо-Западный;Вологодская область;Никольск;UTC+3;59.5351837;45.4576137;8515;1300
162129;Северо-Западный;Вологодская область;Сокол;UTC+3;59.4758605;40.1114187;38454;1615
161300;Северо-Западный;Вологодская область;Тотьма;UTC+3;59.9734998;42.7589506;9784;1137
162840;Северо-Западный;Вологодская область;Устюжна;UTC+3;58.8383117;36.4425478;9478;1252
162250;Северо-Западный;Вологодская область;Харовск;UTC+3;59.9479423;40.2000298;10078;1903
162600;Северо-Западный;Вологодская область;Череповец;UTC+3;59.1269212;37.9090497;312311;1777
397700;Центральный;Воронежская область;Бобров;UTC+3;51.0901649;40.0318256;19738;1698
396790;Центральный;Воронежская область;Богучар;UTC+3;49.9352454;40.5590801;11811;1704
397160;Центральный;Воронежская область;Борисоглебск;UTC+3;51.3655754;42.1008334;65585;1698
397500;Центральный;Воронежская область;Бутурлиновка;UTC+3;50.8311818;40.5976923;27208;1740
394000;Центральный;Воронежская область;Воронеж;UTC+3;51.6593332;39.1969229;889680;1586
397600;Центральный;Воронежская область;Калач;UTC+3;50.4242134;41.0162014;20046;1716
397904;Центральный;Воронежская область;Лиски;UTC+3;50.9945626;39.5184909;55864;1500
396070;Центральный;Воронежская область;Нововоронеж;UTC+3;51.3091524;39.2162843;32635;1957
397400;Центральный;Воронежская область;Новохоперск;UTC+3;51.0952211;41.6173404;6849;1710
397837;Центральный;Воронежская область;Острогожск;UTC+3;50.8677905;39.0407746;33842;1652
396420;Центральный;Воронежская область;Павловск;UTC+3;50.453455;40.136874;25126;1709
397350;Центральный;Воронежская область;Поворино;UTC+3;51.1954419;42.2472726;17692;1870
396650;Центральный;Воронежская область;Россошь;UTC+3;50.1701949;39.6226965;62865;1600
396900;Центральный;Воронежская область;Семилуки;UTC+3;51.6951644;39.0190454;26025;1615
397030;Центральный;Воронежская область;Эртиль;UTC+3;51.830932;40.8074182;11387;1897
368220;Северо-Кавказский;Республика Дагестан;Буйнакск;UTC+3;42.8214424;47.1165263;65735;1834
368670;Северо-Кавказский;Республика Дагестан;Дагестанские Огни;UTC+3;42.1152296;48.1939354;30671;1914
368007;Северо-Кавказский;Республика Дагестан;Дербент;UTC+3;42.058966;48.2907452;119961;438
368500;Северо-Кавказский;Республика Дагестан;Избербаш;UTC+3;42.5650962;47.8710051;56301;1932
368300;Северо-Кавказский;Республика Дагестан;Каспийск;UTC+3;42.8916007;47.6367066;103914;1932
368120;Северо-Кавказский;Республика Дагестан;Кизилюрт;UTC+3;43.203825;46.8729636;36187;1963
368830;Северо-Кавказский;Республика Дагестан;Кизляр;UTC+3;43.8484083;46.7233699;49169;1735
367000;Северо-Кавказский;Республика Дагестан;Махачкала;UTC+3;42.9849159;47.5047181;577990;1844
368006;Северо-Кавказский;Республика Дагестан;Хасавюрт;UTC+3;43.2504665;46.5851292;133929;1846
368890;Северо-Кавказский;Республика Дагестан;Южно-Сухокумск;UTC+3;44.6602467;45.6499523;10048;1958
679002;Дальневосточный;Еврейская автономная область;Биробиджан;UTC+10;48.7946446;132.9217207;75419;1915
679100;Дальневосточный;Еврейская автономная область;Облучье;UTC+10;49.0189345;131.0540102;9379;1911
673450;Дальневосточный;Забайкальский край;Балей;UTC+9;51.5823759;116.6379549;12536;1736
674600;Дальневосточный;Забайкальский край;Борзя;UTC+9;50.3876058;116.5234779;31376;1899
674670;Дальневосточный;Забайкальский край;Краснокаменск;UTC+9;50.0929703;118.0323936;55668;1967
673730;Дальневосточный;Забайкальский край;Могоча;UTC+9;53.7361398;119.7660867;13228;1910
673400;Дальневосточный;Забайкальский край;Нерчинск;UTC+9;51.9594977;116.5852383;14976;1653
673000;Дальневосточный;Забайкальский край;Петровск-Забайкальский;UTC+9;51.2748592;108.846681;18555;1789
673500;Дальневосточный;Забайкальский край;Сретенск;UTC+9;52.2461454;117.7117842;6850;1689
673200;Дальневосточный;Забайкальский край;Хилок;UTC+9;51.3634856;110.4590898;11530;1895
672000;Дальневосточный;Забайкальский край;Чита;UTC+9;52.0340142;113.4994;323964;1653
673303;Дальневосточный;Забайкальский край;Шилка;UTC+9;51.8497035;116.0334461;13947;1897
155330;Центральный;Ивановская область;Вичуга;UTC+3;57.2044698;41.9132201;37609;1925
155000;Центральный;Ивановская область;Гаврилов Посад;UTC+3;56.5586946;40.1228906;6434;1434
155410;Центральный;Ивановская область;Заволжск;UTC+3;57.4918141;42.1375625;12045;1800
153000;Центральный;Ивановская область;Иваново;UTC+3;56.9993792;40.9728272;409277;1561
155800;Центральный;Ивановская область;Кинешма;UTC+3;57.4425463;42.168914;88113;1429
155150;Центральный;Ивановская область;Комсомольск;UTC+3;57.0273052;40.3776851;8693;1931
153510;Центральный;Ивановская область;Кохма;UTC+3;56.9324606;41.0931657;29408;1619
155830;Центральный;Ивановская область;Наволоки;UTC+3;57.4679066;41.9608002;10207;1775
155555;Центральный;Ивановская область;Плес;UTC+3;57.4606031;41.5122672;2341;1410
155550;Центральный;Ивановская область;Приволжск;UTC+3;57.3805743;41.2808565;16749;1484
155360;Центральный;Ивановская область;Пучеж;UTC+3;56.9820688;43.1683321;8583;1594
155250;Центральный;Ивановская область;Родники;UTC+3;57.1025975;41.7298834;26318;1606
155040;Центральный;Ивановская область;Тейково;UTC+3;56.8542719;40.5353874;34993;1600
155520;Центральный;Ивановская область;Фурманов;UTC+3;57.2539276;41.1054432;36149;1918
155900;Центральный;Ивановская область;Шуя;UTC+3;56.8560234;41.3800939;58528;1394
155630;Центральный;Ивановская область;Южа;UTC+3;56.5926877;42.0458099;14170;1628
155450;Центральный;Ивановская область;Юрьевец;UTC+3;57.3177781;43.1110401;10205;1225
386230;Северо-Кавказский;Республика Ингушетия;Карабулак;UTC+3;43.3055248;44.9094582;31081;1859
386001;Северо-Кавказский;Республика Ингушетия;Магас;UTC+3;43.1688611;44.8131207;2505;1995
386300;Северо-Кавказский;Республика Ингушетия;Малгобек;UTC+3;43.5096646;44.5901963;31076;1934
386100;Северо-Кавказский;Республика Ингушетия;Назрань;UTC+3;43.2257841;44.7645779;93357;1781
386200;Северо-Кавказский;Республика Ингушетия;Сунжа;UTC+3;43.3204196;45.0476331;64493;1845
665160;Сибирский;Иркутская область;Алзамай;UTC+8;55.5551233;98.6643699;6751;1899
665800;Сибирский;Иркутская область;Ангарск;UTC+8;52.544879;103.888543;233765;1948
665930;Сибирский;Иркутская область;Байкальск;UTC+8;51.5230393;104.1487532;13589;1961
665050;Сибирский;Иркутская область;Бирюсинск;UTC+8;55.9609167;97.8205348;8981;1967
666901;Сибирский;Иркутская область;Бодайбо;UTC+8;57.8468636;114.1866287;15331;1864
665700;Сибирский;Иркутская область;Братск;UTC+8;56.1513108;101.6340035;246348;1631
665770;Сибирский;Иркутская область;Вихоревка;UTC+8;56.1208145;101.1702926;22528;1957
665650;Сибирский;Иркутская область;Железногорск-Илимский;UTC+8;56.5847888;104.114275;26134;1948
665382;Сибирский;Иркутская область;Зима;UTC+8;53.920693;102.0491772;32522;1743
664000;Сибирский;Иркутская область;Иркутск;UTC+8;52.2864036;104.2807466;587225;1661
666700;Сибирский;Иркутская область;Киренск;UTC+8;57.7756595;108.1109412;12652;1630
665100;Сибирский;Иркутская область;Нижнеудинск;UTC+8;54.8968931;99.0314056;37056;1648
666300;Сибирский;Иркутская область;Саянск;UTC+8;54.1107238;102.18015;40786;1970
665420;Сибирский;Иркутская область;Свирск;UTC+8;53.0842668;103.3364093;13649;1800
665902;Сибирский;Иркутская область;Слюдянка;UTC+8;51.6563983;103.7187545;18542;1899
665000;Сибирский;Иркутская область;Тайшет;UTC+8;55.9405334;98.0030145;35481;1897
665250;Сибирский;Иркутская область;Тулун;UTC+8;54.557162;100.5780603;44603;1735
665450;Сибирский;Иркутская область;Усолье-Сибирское;UTC+8;52.7565808;103.6388109;83364;1669
666671;Сибирский;Иркутская область;Усть-Илимск;UTC+8;57.9430504;102.7415734;86591;1966
666780;Сибирский;Иркутская область;Усть-Кут;UTC+8;56.7928178;105.7757343;45061;1631
665400;Сибирский;Иркутская область;Черемхово;UTC+8;53.1369095;103.0901268;52650;1772
666031;Сибирский;Иркутская область;Шелехов;UTC+8;52.2102538;104.0973294;47960;1953
361500;Северо-Кавказский;Кабардино-Балкарская Республика;Баксан;UTC+3;43.6819137;43.5345036;36857;1891
361110;Северо-Кавказский;Кабардино-Балкарская Республика;Майский;UTC+3;43.6281516;44.0517314;26755;1800
360000;Северо-Кавказский;Кабардино-Балкарская Республика;Нальчик;UTC+3;43.4845464;43.60713;240095;1724
361330;Северо-Кавказский;Кабардино-Балкарская Республика;Нарткала;UTC+3;43.5578075;43.8575925;31679;1913
361040;Северо-Кавказский;Кабардино-Балкарская Республика;Прохладный;UTC+3;43.7589602;44.0102409;59595;1765
361200;Северо-Кавказский;Кабардино-Балкарская Республика;Терек;UTC+3;43.4839358;44.1402161;19170;1876
361621;Северо-Кавказский;Кабардино-Балкарская Республика;Тырныауз;UTC+3;43.3981585;42.9213582;21000;1934
361400;Северо-Кавказский;Кабардино-Балкарская Республика;Чегем;UTC+3;43.5671525;43.5865792;17988;1822
238420;Северо-Западный;Калининградская область;Багратионовск;UTC+2;54.3866518;20.6418091;6399;1336
238520;Северо-Западный;Калининградская область;Балтийск;UTC+2;54.6513372;19.9140572;32670;1626
238210;Северо-Западный;Калининградская область;Гвардейск;UTC+2;54.6588378;21.0501388;13888;1255
238300;Северо-Западный;Калининградская область;Гурьевск;UTC+2;54.770638;20.6039767;12433;1262
238050;Северо-Западный;Калининградская область;Гусев;UTC+2;54.5915455;22.1942445;28260;1500
238326;Северо-Западный;Калининградская область;Зеленоградск;UTC+2;54.9600185;20.4753652;13015;1252
236001;Северо-Западный;Калининградская область;Калининград;UTC+2;54.7074702;20.5073241;431491;1255
238730;Северо-Западный;Калининградская область;Краснознаменск;UTC+2;54.9453423;22.4928745;3522;1576
238460;Северо-Западный;Калининградская область;Ладушкин;UTC+2;54.5692156;20.1690153;3788;1314
238450;Северо-Западный;Калининградская область;Мамоново;UTC+2;54.4646036;19.9453482;7757;1301
238710;Северо-Западный;Калининградская область;Неман;UTC+2;55.0316524;22.0324064;11794;1277
238010;Северо-Западный;Калининградская область;Нестеров;UTC+2;54.6313814;22.5713736;4584;1539
238120;Северо-Западный;Калининградская область;Озерск;UTC+2;54.4084705;22.0134438;4740;1539
238590;Северо-Западный;Калининградская область;Пионерский;UTC+2;54.9516574;20.2277424;11017;1254
238630;Северо-Западный;Калининградская область;Полесск;UTC+2;54.8625126;21.0998067;7580;1258
238400;Северо-Западный;Калининградская область;Правдинск;UTC+2;54.4430986;21.0085269;4323;1312
238510;Северо-Западный;Калининградская область;Приморск;UTC+2;54.7311437;19.9981926;1956;1268
238560;Северо-Западный;Калининградская область;Светлогорск;UTC+2;54.9439286;20.1514295;10775;1258
238340;Северо-Западный;Калининградская область;Светлый;UTC+2;54.6772897;20.1357595;21380;1640
238600;Северо-Западный;Калининградская область;Славск;UTC+2;55.0449714;21.6742367;4614;1292
238750;Северо-Западный;Калининградская область;Советск;UTC+2;55.0809336;21.8886106;41709;1288
238150;Северо-Западный;Калининградская область;Черняховск;UTC+2;54.6244751;21.7969062;40464;1336
359050;Южный;Республика Калмыкия;Городовиковск;UTC+3;46.0875083;41.935537;9565;1872
359220;Южный;Республика Калмыкия;Лагань;UTC+3;45.3930912;47.3432602;14323;1870
358000;Южный;Республика Калмыкия;Элиста;UTC+3;46.3083344;44.2702088;103728;1865
249000;Центральный;Калужская область;Балабаново;UTC+3;55.1773714;36.6566951;26337;1584
249160;Центральный;Калужская область;Белоусово;UTC+3;55.0956803;36.677629;8432;1962
249010;Центральный;Калужская область;Боровск;UTC+3;55.2130096;36.4926251;12283;1358
249026;Центральный;Калужская область;Ермолино;UTC+3;55.1971758;36.5952722;10409;1601
249340;Центральный;Калужская область;Жиздра;UTC+3;53.7521926;34.7386592;5585;1146
249190;Центральный;Калужская область;Жуков;UTC+3;55.0301833;36.7394903;12150;1600
248000;Центральный;Калужская область;Калуга;UTC+3;54.5059848;36.2516245;325185;1371
249440;Центральный;Калужская область;Киров;UTC+3;54.0790111;34.3076201;31888;1745
249720;Центральный;Калужская область;Козельск;UTC+3;54.0347201;35.780768;18203;1100
249830;Центральный;Калужская область;Кондрово;UTC+3;54.7959473;35.9274842;16672;1615
249185;Центральный;Калужская область;Кременки;UTC+3;54.8862447;37.1168701;11617;1700
249400;Центральный;Калужская область;Людиново;UTC+3;53.8700828;34.4385915;40550;1626
249091;Центральный;Калужская область;Малоярославец;UTC+3;55.0177123;36.4633603;30401;1402
249950;Центральный;Калужская область;Медынь;UTC+3;54.9689785;35.8872168;8298;1386
249240;Центральный;Калужская область;Мещовск;UTC+3;54.3191471;35.2816918;4101;1238
249930;Центральный;Калужская область;Мосальск;UTC+3;54.4824939;34.9872239;4285;1231
249030;Центральный;Калужская область;Обнинск;UTC+3;55.0943144;36.6121639;104798;1946
249710;Центральный;Калужская область;Сосенский;UTC+3;54.0566016;35.9621646;12394;1952
249610;Центральный;Калужская область;Спас-Деменск;UTC+3;54.409922;34.0189631;4904;1446
249270;Центральный;Калужская область;Сухиничи;UTC+3;54.097296;35.3443568;16295;1700
249100;Центральный;Калужская область;Таруса;UTC+3;54.7236477;37.1671;9656;1246
249910;Центральный;Калужская область;Юхнов;UTC+3;54.7446445;35.2424346;7056;1410
684090;Дальневосточный;Камчатский край;Вилючинск;UTC+12;52.9302415;158.4057632;22905;1968
684000;Дальневосточный;Камчатский край;Елизово;UTC+12;53.1830375;158.3883548;39548;1848
683000;Дальневосточный;Камчатский край;Петропавловск-Камчатский;UTC+12;53.036908;158.6559254;179526;1740
369200;Северо-Кавказский;Карачаево-Черкесская Республика;Карачаевск;UTC+3;43.7732525;41.9143472;23848;1926
369212;Северо-Кавказский;Карачаево-Черкесская Республика;Теберда;UTC+3;43.4437731;41.7415142;9097;1868
369300;Северо-Кавказский;Карачаево-Черкесская Республика;Усть-Джегута;UTC+3;44.0838442;41.9711046;30602;1868
369000;Северо-Кавказский;Карачаево-Черкесская Республика;Черкесск;UTC+3;44.2269425;42.0466704;121439;1825
186500;Северо-Западный;Республика Карелия;Беломорск;UTC+3;64.5378417;34.7799462;11217;1100
186610;Северо-Западный;Республика Карелия;Кемь;UTC+3;64.9543539;34.5949263;13061;1300
186220;Северо-Западный;Республика Карелия;Кондопога;UTC+3;62.2059817;34.2682122;32978;1563
186930;Северо-Западный;Республика Карелия;Костомукша;UTC+3;64.5889398;30.6016832;28433;1977
186730;Северо-Западный;Республика Карелия;Лахденпохья;UTC+3;61.518881;30.1996116;7818;1600
186350;Северо-Западный;Республика Карелия;Медвежьегорск;UTC+3;62.9127626;34.4568489;15536;1916
186000;Северо-Западный;Республика Карелия;Олонец;UTC+3;60.9794025;32.9725519;9060;1137
185000;Северо-Западный;Республика Карелия;Петрозаводск;UTC+3;61.7891264;34.3596434;263540;1703
186810;Северо-Западный;Республика Карелия;Питкяранта;UTC+3;61.5757191;31.4640557;11484;1800
186150;Северо-Западный;Республика Карелия;Пудож;UTC+3;61.8058821;36.5329941;9698;1382
186420;Северо-Западный;Республика Карелия;Сегежа;UTC+3;63.7437572;34.3126982;29660;1914
186790;Северо-Западный;Республика Карелия;Сортавала;UTC+3;61.703367;30.6916998;19215;1468
186870;Северо-Западный;Республика Карелия;Суоярви;UTC+3;62.0787293;32.3499386;9763;1500
652470;Сибирский;Кемеровская область - Кузбасс;Анжеро-Судженск;UTC+7;56.0786281;86.0201278;76669;1896
652600;Сибирский;Кемеровская область - Кузбасс;Белово;UTC+7;54.4220968;86.3037373;76752;1726
652420;Сибирский;Кемеровская область - Кузбасс;Березовский;UTC+7;55.6693513;86.2744459;47292;1965
652780;Сибирский;Кемеровская область - Кузбасс;Гурьевск;UTC+7;54.2859263;85.9475985;24816;1816
652740;Сибирский;Кемеровская область - Кузбасс;Калтан;UTC+7;53.5210919;87.2771636;21893;1946
650000;Сибирский;Кемеровская область - Кузбасс;Кемерово;UTC+7;55.3910651;86.0467781;532884;1918
652700;Сибирский;Кемеровская область - Кузбасс;Киселевск;UTC+7;54.0059999;86.6366116;98382;1917
652500;Сибирский;Кемеровская область - Кузбасс;Ленинск-Кузнецкий;UTC+7;54.6674492;86.1797324;101666;1763
652150;Сибирский;Кемеровская область - Кузбасс;Мариинск;UTC+7;56.2127383;87.7454924;40522;1698
652870;Сибирский;Кемеровская область - Кузбасс;Междуреченск;UTC+7;53.6865289;88.0702754;101995;1946
652840;Сибирский;Кемеровская область - Кузбасс;Мыски;UTC+7;53.7125695;87.8055646;43029;1826
654000;Сибирский;Кемеровская область - Кузбасс;Новокузнецк;UTC+7;53.794315;87.2142745;547885;1618
652800;Сибирский;Кемеровская область - Кузбасс;Осинники;UTC+7;53.5988055;87.3371272;45997;1926
652560;Сибирский;Кемеровская область - Кузбасс;Полысаево;UTC+7;54.6055;86.2809208;27624;1989
652701;Сибирский;Кемеровская область - Кузбасс;Прокопьевск;UTC+7;53.8604265;86.7183577;210150;1650
652770;Сибирский;Кемеровская область - Кузбасс;Салаир;UTC+7;54.2351735;85.8030733;8263;1626
652400;Сибирский;Кемеровская область - Кузбасс;Тайга;UTC+7;56.0622131;85.6207182;25330;1896
652990;Сибирский;Кемеровская область - Кузбасс;Таштагол;UTC+7;52.759313;87.8476546;23114;1939
652300;Сибирский;Кемеровская область - Кузбасс;Топки;UTC+7;55.2764707;85.6152619;28642;1914
652050;Сибирский;Кемеровская область - Кузбасс;Юрга;UTC+7;55.7202694;84.8886399;81536;1886
613200;Приволжский;Кировская область;Белая Холуница;UTC+3;58.8415239;50.8460699;11232;1764
612960;Приволжский;Кировская область;Вятские Поляны;UTC+3;56.2284817;51.0614855;35159;1596
612410;Приволжский;Кировская область;Зуевка;UTC+3;58.4032152;51.1331606;11198;1899
610000;Приволжский;Кировская область;Киров;UTC+3;58.6035264;49.6679304;473668;1181
613040;Приволжский;Кировская область;Кирово-Чепецк;UTC+3;58.5559424;50.0316848;80920;1935
612820;Приволжский;Кировская область;Кирс;UTC+3;59.340056;52.2414437;10420;1729
612600;Приволжский;Кировская область;Котельнич;UTC+3;58.3034832;48.3475597;24979;1143
613980;Приволжский;Кировская область;Луза;UTC+3;60.6290609;47.2612445;11262;1899
612920;Приволжский;Кировская область;Малмыж;UTC+3;56.5243844;50.6782739;8265;1400
613710;Приволжский;Кировская область;Мураши;UTC+3;59.3955383;48.9638417;6752;1895
613440;Приволжский;Кировская область;Нолинск;UTC+3;57.5597284;49.93575;9556;1668
612740;Приволжский;Кировская область;Омутнинск;UTC+3;58.6698913;52.1894564;23618;1773
612270;Приволжский;Кировская область;Орлов;UTC+3;58.5389776;48.8927723;6959;1459
613150;Приволжский;Кировская область;Слободской;UTC+3;58.7311574;50.1669249;33983;1505
613341;Приволжский;Кировская область;Советск;UTC+3;57.584196;48.9590272;16592;1100
612990;Приволжский;Кировская область;Сосновка;UTC+3;56.2532741;51.2833642;11960;1699
613530;Приволжский;Кировская область;Уржум;UTC+3;57.1097477;50.0058097;10213;1584
612260;Приволжский;Кировская область;Яранск;UTC+3;57.3040326;47.8478737;17252;1584
169900;Северо-Западный;Республика Коми;Воркута;UTC+3;67.4974082;64.061034;70551;1936
169570;Северо-Западный;Республика Коми;Вуктыл;UTC+3;63.8615274;57.3165402;12357;1968
169200;Северо-Западный;Республика Коми;Емва;UTC+3;62.5965137;50.8732125;14574;1941
169840;Северо-Западный;Республика Коми;Инта;UTC+3;66.0367316;60.1152961;32021;1940
169060;Северо-Западный;Республика Коми;Микунь;UTC+3;62.3579068;50.0719503;10732;1937
169600;Северо-Западный;Республика Коми;Печора;UTC+3;65.148584;57.2239777;43458;1940
169500;Северо-Западный;Республика Коми;Сосногорск;UTC+3;63.5989841;53.876293;27809;1939
167000;Северо-Западный;Республика Коми;Сыктывкар;UTC+3;61.6686617;50.8358151;235006;1780
169710;Северо-Западный;Республика Коми;Усинск;UTC+3;65.994147;57.5569423;41100;1966
169300;Северо-Западный;Республика Коми;Ухта;UTC+3;63.5565514;53.7014239;99642;1929
157000;Центральный;Костромская область;Буй;UTC+3;58.4733277;41.5306822;25763;1536
156901;Центральный;Костромская область;Волгореченск;UTC+3;57.4424559;41.1594201;17108;1964
157200;Центральный;Костромская область;Галич;UTC+3;58.3828191;42.3654013;17346;1159
157440;Центральный;Костромская область;Кологрив;UTC+3;58.8269323;44.3184927;3314;1600
156000;Центральный;Костромская область;Кострома;UTC+3;57.768;40.927;268617;1152
157460;Центральный;Костромская область;Макарьев;UTC+3;57.8807152;43.8014197;7114;1439
157300;Центральный;Костромская область;Мантурово;UTC+3;58.3265441;44.757494;17479;1617
157800;Центральный;Костромская область;Нерехта;UTC+3;57.4543369;40.5723598;22817;1214
157331;Центральный;Костромская область;Нея;UTC+3;58.2943349;43.8780948;9827;1906
157170;Центральный;Костромская область;Солигалич;UTC+3;59.0784867;42.2878423;6438;1335
157130;Центральный;Костромская область;Чухлома;UTC+3;58.753421;42.6884958;5209;1381
157500;Центральный;Костромская область;Шарья;UTC+3;58.3760542;45.4062414;23668;1906
353320;Южный;Краснодарский край;Абинск;UTC+3;44.8679655;38.1618157;34926;1863
353440;Южный;Краснодарский край;Анапа;UTC+3;44.8950433;37.3163282;58983;1781
352690;Южный;Краснодарский край;Апшеронск;UTC+3;44.4584006;39.7299824;40229;1863
352900;Южный;Краснодарский край;Армавир;UTC+3;45.0012149;41.1324168;188897;1839
352630;Южный;Краснодарский край;Белореченск;UTC+3;44.7651876;39.8781494;53891;1862
353460;Южный;Краснодарский край;Геленджик;UTC+3;44.5630007;38.0790852;54813;1831
353288;Южный;Краснодарский край;Горячий Ключ;UTC+3;44.6344864;39.1354738;30093;1868
352190;Южный;Краснодарский край;Гулькевичи;UTC+3;45.3605121;40.6918389;35225;1875
353680;Южный;Краснодарский край;Ейск;UTC+3;46.71157;38.2763895;87771;1848
353180;Южный;Краснодарский край;Кореновск;UTC+3;45.4641703;39.458949;41179;1794
350000;Южный;Краснодарский край;Краснодар;UTC+3;45.0401604;38.9759647;744933;1793
352380;Южный;Краснодарский край;Кропоткин;UTC+3;45.4333007;40.5727951;80743;1879
353380;Южный;Краснодарский край;Крымск;UTC+3;44.9344404;37.9855795;57370;1862
352430;Южный;Краснодарский край;Курганинск;UTC+3;44.8877025;40.5913245;47974;1855
352500;Южный;Краснодарский край;Лабинск;UTC+3;44.6354363;40.7245341;62822;1841
352240;Южный;Краснодарский край;Новокубанск;UTC+3;45.1038699;41.0475175;34847;1867
353900;Южный;Краснодарский край;Новороссийск;UTC+3;44.7235026;37.7686135;241788;1838
353860;Южный;Краснодарский край;Приморско-Ахтарск;UTC+3;46.0515432;38.1704875;32253;1854
353560;Южный;Краснодарский край;Славянск-на-Кубани;UTC+3;45.2603626;38.1259774;63768;1865
354000;Южный;Краснодарский край;Сочи;UTC+3;43.5854551;39.7231548;343285;1838
353500;Южный;Краснодарский край;Темрюк;UTC+3;45.2610949;37.4454412;38014;1860
352700;Южный;Краснодарский край;Тимашевск;UTC+3;45.615923;38.9351837;53921;1794
352120;Южный;Краснодарский край;Тихорецк;UTC+3;45.8546345;40.1260267;61825;1895
352800;Южный;Краснодарский край;Туапсе;UTC+3;44.1105335;39.0824904;63233;1838
352330;Южный;Краснодарский край;Усть-Лабинск;UTC+3;45.2227359;39.6929577;43268;1794
352680;Южный;Краснодарский край;Хадыженск;UTC+3;44.4122963;39.5320258;21580;1864
662951;Сибирский;Красноярский край;Артемовск;UTC+7;54.3473075;93.4358377;2180;1700
662150;Сибирский;Красноярский край;Ачинск;UTC+7;56.253907;90.4794397;109156;1683
662060;Сибирский;Красноярский край;Боготол;UTC+7;56.2098468;89.5299336;21029;1893
663980;Сибирский;Красноярский край;Бородино;UTC+7;55.9054121;94.9020967;17423;1949
663081;Сибирский;Красноярский край;Дивногорск;UTC+7;55.9576784;92.3800687;28271;1956
647000;Сибирский;Красноярский край;Дудинка;UTC+7;69.4031364;86.1907218;22207;1667
663150;Сибирский;Красноярский край;Енисейск;UTC+7;58.4485261;92.1651083;18769;1619
662970;Сибирский;Красноярский край;Железногорск;UTC+7;56.2529035;93.532273;85559;1950
663960;Сибирский;Красноярский край;Заозерный;UTC+7;55.9617752;94.7091491;10683;1776
663690;Сибирский;Красноярский край;Зеленогорск;UTC+7;56.1131564;94.5888103;66018;1956
663200;Сибирский;Красноярский край;Игарка;UTC+7;67.4666901;86.5812794;6183;1929
663800;Сибирский;Красноярский край;Иланский;UTC+7;56.2374037;96.067267;16108;1646
663600;Сибирский;Красноярский край;Канск;UTC+7;56.2051282;95.7051096;94230;1636
663491;Сибирский;Красноярский край;Кодинск;UTC+7;58.6032644;99.1797962;14835;1977
660000;Сибирский;Красноярский край;Красноярск;UTC+7;56.0093879;92.8524806;973826;1628
662541;Сибирский;Красноярский край;Лесосибирск;UTC+7;58.221681;92.5037872;61146;1975
662600;Сибирский;Красноярский край;Минусинск;UTC+7;53.7104586;91.6872907;71171;1739
662200;Сибирский;Красноярский край;Назарово;UTC+7;56.0113799;90.4168775;52829;1700
663300;Сибирский;Красноярский край;Норильск;UTC+7;69.3489978;88.2009846;175301;1935
662500;Сибирский;Красноярский край;Сосновоборск;UTC+7;56.1202647;93.3354121;33090;1971
662251;Сибирский;Красноярский край;Ужур;UTC+7;55.3141969;89.8333918;16079;1760
663920;Сибирский;Красноярский край;Уяр;UTC+7;55.8131263;94.3282601;12666;1760
662310;Сибирский;Красноярский край;Шарыпово;UTC+7;55.5389739;89.1801044;38570;1700
298676;Южный;Республика Крым;Ялта;UTC+3;44.4164605;34.0444797;7771;960
298500;Южный;Республика Крым;Алушта;UTC+3;44.6764304;34.4100624;29078;500
296012;Южный;Республика Крым;Армянск;UTC+3;46.1059307;33.6910012;21987;1736
298400;Южный;Республика Крым;Бахчисарай;UTC+3;44.7514769;33.8752176;27448;1532
297600;Южный;Республика Крым;Белогорск;UTC+3;45.057202;34.5999029;16354;1200
296100;Южный;Республика Крым;Джанкой;UTC+3;45.7092306;34.3883372;38622;1784
297402;Южный;Республика Крым;Евпатория;UTC+3;45.190629;33.367634;105719;-497
298300;Южный;Республика Крым;Керчь;UTC+3;45.3562627;36.4674513;147033;-650
296000;Южный;Республика Крым;Красноперекопск;UTC+3;45.9537576;33.7921939;26268;1932
296500;Южный;Республика Крым;Саки;UTC+3;45.1341997;33.6033383;25146;1952
295000;Южный;Республика Крым;Симферополь;UTC+3;44.9482948;34.1001151;332317;1784
297345;Южный;Республика Крым;Старый Крым;UTC+3;45.029058;35.0901474;9277;1200
298000;Южный;Республика Крым;Судак;UTC+3;44.8504679;34.9762034;16492;212
298100;Южный;Республика Крым;Феодосия;UTC+3;45.0318393;35.3824259;69038;-500
298213;Южный;Республика Крым;Щелкино;UTC+3;45.4288991;35.825165;10620;1978
298600;Южный;Республика Крым;Ялта;UTC+3;44.4953612;34.166308;76746;1154
641730;Уральский;Курганская область;Далматово;UTC+5;56.262114;62.9387011;13913;1644
641700;Уральский;Курганская область;Катайск;UTC+5;56.290809;62.5800359;14017;1655
640002;Уральский;Курганская область;Курган;UTC+5;55.4443883;65.3161963;333640;1679
641430;Уральский;Курганская область;Куртамыш;UTC+5;54.9368539;64.4203722;17098;1745
641600;Уральский;Курганская область;Макушино;UTC+5;55.2153947;67.2451705;8337;1797
641640;Уральский;Курганская область;Петухово;UTC+5;55.0650077;67.8873408;11291;1779
641870;Уральский;Курганская область;Шадринск;UTC+5;56.0870344;63.6297182;77744;1662
641100;Уральский;Курганская область;Шумиха;UTC+5;55.2280246;63.2901272;17821;1892
641010;Уральский;Курганская область;Щучье;UTC+5;55.2087637;62.7478548;10971;1750
307500;Центральный;Курская область;Дмитриев;UTC+3;52.1268464;35.0739038;7721;1779
307170;Центральный;Курская область;Железногорск;UTC+3;52.3380202;35.3516867;95057;1957
305000;Центральный;Курская область;Курск;UTC+3;51.7303637;36.1925603;414595;1032
307250;Центральный;Курская область;Курчатов;UTC+3;51.6604083;35.6572224;42691;1968
307750;Центральный;Курская область;Льгов;UTC+3;51.6597148;35.2612491;21452;1152
306230;Центральный;Курская область;Обоянь;UTC+3;51.2119324;36.2755133;13562;1639
307370;Центральный;Курская область;Рыльск;UTC+3;51.5681314;34.6802597;15667;1152
307800;Центральный;Курская область;Суджа;UTC+3;51.1918927;35.2720915;6036;1500
307100;Центральный;Курская область;Фатеж;UTC+3;52.0917728;35.8538706;5404;1500
306509;Центральный;Курская область;Щигры;UTC+3;51.8786014;36.8910945;17043;1700
187650;Северо-Западный;Ленинградская область;Бокситогорск;UTC+3;59.4734797;33.845688;16593;1929
188410;Северо-Западный;Ленинградская область;Волосово;UTC+3;59.4445408;29.4923355;12162;1870
187401;Северо-Западный;Ленинградская область;Волхов;UTC+3;59.9005958;32.3520756;47344;1918
188640;Северо-Западный;Ленинградская область;Всеволожск;UTC+3;60.0191278;30.6456718;59689;1892
188800;Северо-Западный;Ленинградская область;Выборг;UTC+3;60.7130801;28.7328336;80013;1293
188909;Северо-Западный;Ленинградская область;Высоцк;UTC+3;60.6296236;28.5709314;1244;1532
188300;Северо-Западный;Ленинградская область;Гатчина;UTC+3;59.565237;30.1282473;92566;1499
188490;Северо-Западный;Ленинградская область;Ивангород;UTC+3;59.3766119;28.2231659;9797;1492
188950;Северо-Западный;Ленинградская область;Каменногорск;UTC+3;60.950855;29.1308372;6761;1597
188455;Северо-Западный;Ленинградская область;Кингисепп;UTC+3;59.3740435;28.6112444;48667;1384
187110;Северо-Западный;Ленинградская область;Кириши;UTC+3;59.4742862;32.0624947;52826;1693
187340;Северо-Западный;Ленинградская область;Кировск;UTC+3;59.8754216;30.981364;25633;1931
188320;Северо-Западный;Ленинградская область;Коммунар;UTC+3;59.6215133;30.3934125;20265;1840
188691;Северо-Западный;Ленинградская область;Кудрово;UTC+3;59.9075226;30.5121008;13501;1926
187700;Северо-Западный;Ленинградская область;Лодейное Поле;UTC+3;60.7320936;33.5521022;21053;1702
188230;Северо-Западный;Ленинградская область;Луга;UTC+3;58.7374031;29.8465776;36409;1777
187050;Северо-Западный;Ленинградская область;Любань;UTC+3;59.3493847;31.2484801;4188;1499
188662;Северо-Западный;Ленинградская область;Мурино;UTC+3;60.044862;30.4571456;19775;1676
187026;Северо-Западный;Ленинградская область;Никольское;UTC+3;59.7043309;30.7874571;19345;1710
187450;Северо-Западный;Ленинградская область;Новая Ладога;UTC+3;60.1100135;32.3141203;8890;1704
187330;Северо-Западный;Ленинградская область;Отрадное;UTC+3;59.7726848;30.7988557;23874;1708
187600;Северо-Западный;Ленинградская область;Пикалево;UTC+3;59.5132022;34.1772776;21567;1620
187780;Северо-Западный;Ленинградская область;Подпорожье;UTC+3;60.9127549;34.1567664;18729;1936
188910;Северо-Западный;Ленинградская область;Приморск;UTC+3;60.3660209;28.6135772;6122;1268
188760;Северо-Западный;Ленинградская область;Приозерск;UTC+3;61.0330896;30.1587851;18929;1100
188990;Северо-Западный;Ленинградская область;Светогорск;UTC+3;61.1111282;28.8725865;15973;1887
188650;Северо-Западный;Ленинградская область;Сертолово;UTC+3;60.1446932;30.2095918;47854;1936
188560;Северо-Западный;Ленинградская область;Сланцы;UTC+3;59.1178185;28.0881475;33587;1934
188540;Северо-Западный;Ленинградская область;Сосновый Бор;UTC+3;59.8772884;29.1291619;65901;1958
187420;Северо-Западный;Ленинградская область;Сясьстрой;UTC+3;60.1401739;32.5601559;13747;1926
187550;Северо-Западный;Ленинградская область;Тихвин;UTC+3;59.6272904;33.5072731;58843;1383
187000;Северо-Западный;Ленинградская область;Тосно;UTC+3;59.5407098;30.877812;39127;1500
187320;Северо-Западный;Ленинградская область;Шлиссельбург;UTC+3;59.9443714;31.0333365;13305;1323
399050;Центральный;Липецкая область;Грязи;UTC+3;52.4874097;39.9331142;46798;1868
399850;Центральный;Липецкая область;Данков;UTC+3;53.2577411;39.1456184;21056;1563
399770;Центральный;Липецкая область;Елец;UTC+3;52.6152411;38.5289342;108404;1146
399200;Центральный;Липецкая область;Задонск;UTC+3;52.4004179;38.9205032;9695;1615
399610;Центральный;Липецкая область;Лебедянь;UTC+3;53.0156117;39.143536;20991;1605
398000;Центральный;Липецкая область;Липецк;UTC+3;52.610249;39.5947883;508124;1703
399341;Центральный;Липецкая область;Усмань;UTC+3;52.0442648;39.726401;18752;1645
399900;Центральный;Липецкая область;Чаплыгин;UTC+3;53.24048;39.9670973;12656;1638
685000;Дальневосточный;Магаданская область;Магадан;UTC+11;59.5681332;150.8084956;95925;1929
686314;Дальневосточный;Магаданская область;Сусуман;UTC+11;62.7805882;148.1540281;5865;1938
425000;Приволжский;Республика Марий Эл;Волжск;UTC+3;55.8623156;48.3715083;55671;1500
425060;Приволжский;Республика Марий Эл;Звенигово;UTC+3;55.9738571;48.0170245;11945;1860
424000;Приволжский;Республика Марий Эл;Йошкар-Ола;UTC+3;56.6343662;47.8999706;248688;1584
425350;Приволжский;Республика Марий Эл;Козьмодемьянск;UTC+3;56.3334036;46.546675;21262;1583
431850;Приволжский;Республика Мордовия;Ардатов;UTC+3;54.8465544;46.2411232;9400;1671
431430;Приволжский;Республика Мордовия;Инсар;UTC+3;53.8770022;44.3696566;8687;1648
431350;Приволжский;Республика Мордовия;Ковылкино;UTC+3;54.0391072;43.9191539;21307;1892
431260;Приволжский;Республика Мордовия;Краснослободск;UTC+3;54.4248207;43.7845011;10151;1571
431440;Приволжский;Республика Мордовия;Рузаевка;UTC+3;54.0581967;44.9490466;47529;1631
430000;Приволжский;Республика Мордовия;Саранск;UTC+3;54.1809332;45.1862632;318841;1641
431220;Приволжский;Республика Мордовия;Темников;UTC+3;54.6310583;43.2161099;7247;1100
101000;Центральный;Москва;Москва;UTC+3;55.7540471;37.620405;11514330;1147
143360;Центральный;Московская область;Апрелевка;UTC+3;55.5276918;37.065143;18467;1899
143900;Центральный;Московская область;Балашиха;UTC+3;55.796389;37.938283;215353;1830
140250;Центральный;Московская область;Белоозёрский;UTC+3;55.4595766;38.4389742;17842;1961
140170;Центральный;Московская область;Бронницы;UTC+3;55.4255379;38.264145;21102;1453
143330;Центральный;Московская область;Верея;UTC+3;55.343369;36.185694;5368;1371
142700;Центральный;Московская область;Видное;UTC+3;55.551725;37.7061984;56798;1949
143600;Центральный;Московская область;Волоколамск;UTC+3;56.0356499;35.9585112;23386;1135
141650;Центральный;Московская область;Высоковск;UTC+3;56.3359513;36.5251837;10642;1864
143040;Центральный;Московская область;Голицыно;UTC+3;55.6190582;36.9856793;17447;1872
143530;Центральный;Московская область;Дедовск;UTC+3;55.8703276;37.1245043;29280;1911
140090;Центральный;Московская область;Дзержинский;UTC+3;55.6240869;37.8440276;47125;1380
141700;Центральный;Московская область;Долгопрудный;UTC+3;55.9385999;37.5101021;90976;1931
142000;Центральный;Московская область;Домодедово;UTC+3;55.4363283;37.7664984;96123;1900
142660;Центральный;Московская область;Дрезна;UTC+3;55.7443143;38.8498479;11815;1897
141980;Центральный;Московская область;Дубна;UTC+3;56.741786;37.1757223;70569;1956
140300;Центральный;Московская область;Егорьевск;UTC+3;55.3830113;39.0358317;70133;1462
140180;Центральный;Московская область;Жуковский;UTC+3;55.599803;38.1224298;102729;1947
140600;Центральный;Московская область;Зарайск;UTC+3;54.762456;38.8850978;24648;1146
143180;Центральный;Московская область;Звенигород;UTC+3;55.7297089;36.8554029;16395;1152
141280;Центральный;Московская область;Ивантеевка;UTC+3;55.9741665;37.9207539;58594;1564
142900;Центральный;Московская область;Кашира;UTC+3;54.853337;38.1904392;41880;1356
140400;Центральный;Московская область;Коломна;UTC+3;55.102814;38.7531002;144642;1177
141060;Центральный;Московская область;Королёв;UTC+3;55.9161773;37.8545415;183452;1938
140053;Центральный;Московская область;Котельники;UTC+3;55.6597925;37.8631156;32347;1600
141290;Центральный;Московская область;Красноармейск;UTC+3;56.105426;38.140838;26294;1928
143401;Центральный;Московская область;Красногорск;UTC+3;55.8317203;37.3295266;116738;1932
141321;Центральный;Московская область;Краснозаводск;UTC+3;56.4409979;38.2320307;13432;1916
143090;Центральный;Московская область;Краснознаменск;UTC+3;55.5978959;37.0393709;36057;1952
143070;Центральный;Московская область;Кубинка;UTC+3;55.5754955;36.6951995;22918;1400
142620;Центральный;Московская область;Куровское;UTC+3;55.5792277;38.9207723;21821;1646
142663;Центральный;Московская область;Ликино-Дулёво;UTC+3;55.7078257;38.9578093;31331;1930
141055;Центральный;Московская область;Лобня;UTC+3;56.0328881;37.4614035;74350;1902
141150;Центральный;Московская область;Лосино-Петровский;UTC+3;55.8713214;38.200599;22550;1708
140500;Центральный;Московская область;Луховицы;UTC+3;54.9652077;39.0260266;29849;1594
140080;Центральный;Московская область;Лыткарино;UTC+3;55.5778163;37.9033507;55147;1429
140000;Центральный;Московская область;Люберцы;UTC+3;55.676499;37.898125;171978;1623
143200;Центральный;Московская область;Можайск;UTC+3;55.5069259;36.024043;31388;1231
141000;Центральный;Московская область;Мытищи;UTC+3;55.9105782;37.7363579;173341;1460
140560;Центральный;Московская область;Озёры;UTC+3;54.8541006;38.5599196;25788;1834
142500;Центральный;Московская область;Павловский Посад;UTC+3;55.7807244;38.6596983;63771;1328
141320;Центральный;Московская область;Пересвет;UTC+3;56.4158326;38.1733534;14142;1948
142100;Центральный;Московская область;Подольск;UTC+3;55.4389322;37.5703482;187956;1559
142280;Центральный;Московская область;Протвино;UTC+3;54.8705984;37.2182749;37308;1960
141200;Центральный;Московская область;Пушкино;UTC+3;56.0103638;37.8471403;102840;1499
142290;Центральный;Московская область;Пущино;UTC+3;54.8324412;37.6210346;20263;1956
140100;Центральный;Московская область;Раменское;UTC+3;55.5495132;38.2728914;96355;1328
143960;Центральный;Московская область;Реутов;UTC+3;55.7582621;37.8618553;87195;1492
140730;Центральный;Московская область;Рошаль;UTC+3;55.6632776;39.8656147;21265;1916
143100;Центральный;Московская область;Руза;UTC+3;55.7014744;36.1959206;13495;1328
142200;Центральный;Московская область;Серпухов;UTC+3;54.9226466;37.4033859;126496;1339
141503;Центральный;Московская область;Солнечногорск;UTC+3;56.185102;36.977631;52996;1700
142450;Центральный;Московская область;Старая Купавна;UTC+3;55.810648;38.175624;21859;1300
142800;Центральный;Московская область;Ступино;UTC+3;54.886274;38.078228;66942;1938
141900;Центральный;Московская область;Талдом;UTC+3;56.7308564;37.5276003;13819;1677
141190;Центральный;Московская область;Фрязино;UTC+3;55.9590588;38.0410235;55449;1584
141402;Центральный;Московская область;Химки;UTC+3;55.888657;37.4303702;207125;1850
141370;Центральный;Московская область;Хотьково;UTC+3;56.2516982;37.9396017;21612;1308
142432;Центральный;Московская область;Черноголовка;UTC+3;56.010005;38.379245;20986;1710
142300;Центральный;Московская область;Чехов;UTC+3;55.1508011;37.4533252;60677;1175
141100;Центральный;Московская область;Щёлково;UTC+3;55.9233801;37.9783707;110380;1500
142530;Центральный;Московская область;Электрогорск;UTC+3;55.8780241;38.7806752;22120;1912
144000;Центральный;Московская область;Электросталь;UTC+3;55.7847291;38.4447045;155324;1916
142455;Центральный;Московская область;Электроугли;UTC+3;55.7170877;38.2192563;20120;1899
141840;Центральный;Московская область;Яхрома;UTC+3;56.2890516;37.4831799;13248;1841
184200;Северо-Западный;Мурманская область;Апатиты;UTC+3;67.5677761;33.4067929;59690;1926
184670;Северо-Западный;Мурманская область;Гаджиево;UTC+3;69.2491311;33.315341;11089;1957
184310;Северо-Западный;Мурманская область;Заозерск;UTC+3;69.4003584;32.4501496;11206;1958
184430;Северо-Западный;Мурманская область;Заполярный;UTC+3;69.4132852;30.7984312;15835;1956
184042;Северо-Западный;Мурманская область;Кандалакша;UTC+3;67.1567974;32.4143218;35659;1000
184250;Северо-Западный;Мурманская область;Кировск;UTC+3;67.6150424;33.663735;28659;1929
184144;Северо-Западный;Мурманская область;Ковдор;UTC+3;67.5661417;30.4741941;18836;1953
184380;Северо-Западный;Мурманская область;Кола;UTC+3;68.8786028;33.0262299;10447;1517
184505;Северо-Западный;Мурманская область;Мончегорск;UTC+3;67.9386153;32.9359719;45381;1937
183000;Северо-Западный;Мурманская область;Мурманск;UTC+3;69.007721;33.0685865;307664;1916
184530;Северо-Западный;Мурманская область;Оленегорск;UTC+3;68.1422058;33.2669407;23079;1949
184640;Северо-Западный;Мурманская область;Островной;UTC+3;68.0510344;39.5077846;2177;1611
184230;Северо-Западный;Мурманская область;Полярные Зори;UTC+3;67.373084;32.4975636;15106;1968
184650;Северо-Западный;Мурманская область;Полярный;UTC+3;69.1989583;33.4508591;17304;1896
184601;Северо-Западный;Мурманская область;Североморск;UTC+3;69.0766801;33.4177759;50076;1896
184682;Северо-Западный;Мурманская область;Снежногорск;UTC+3;69.1921409;33.2383502;12698;1970
166000;Северо-Западный;Ненецкий автономный округ;Нарьян-Мар;UTC+3;67.6379672;53.0069565;21296;1929
607220;Приволжский;Нижегородская область;Арзамас;UTC+3;55.3945814;43.8408141;106367;1552
606407;Приволжский;Нижегородская область;Балахна;UTC+3;56.495036;43.5758423;51526;1399
607600;Приволжский;Нижегородская область;Богородск;UTC+3;56.1020828;43.5135442;25497;1570
606440;Приволжский;Нижегородская область;Бор;UTC+3;56.3565458;44.0646481;78079;1300
606860;Приволжский;Нижегородская область;Ветлуга;UTC+3;57.8559204;45.7761957;8956;1606
606072;Приволжский;Нижегородская область;Володарск;UTC+3;56.2169751;43.1596417;9924;1932
606120;Приволжский;Нижегородская область;Ворсма;UTC+3;55.989943;43.2718859;11622;1500
607060;Приволжский;Нижегородская область;Выкса;UTC+3;55.3207727;42.1678834;56196;1757
606125;Приволжский;Нижегородская область;Горбатов;UTC+3;56.1307769;43.0626185;2278;1500
606500;Приволжский;Нижегородская область;Городец;UTC+3;56.6449218;43.4723104;30699;1100
606000;Приволжский;Нижегородская область;Дзержинск;UTC+3;56.2376047;43.4599416;240762;1606
606520;Приволжский;Нижегородская область;Заволжье;UTC+3;56.6404286;43.3872492;40265;1950
606340;Приволжский;Нижегородская область;Княгинино;UTC+3;55.8205915;45.032337;6708;1569
607650;Приволжский;Нижегородская область;Кстово;UTC+3;56.1432084;44.1664198;66641;1400
607010;Приволжский;Нижегородская область;Кулебаки;UTC+3;55.4296181;42.5125538;35762;1677
607800;Приволжский;Нижегородская область;Лукоянов;UTC+3;55.0326225;44.4933807;14949;1500
606210;Приволжский;Нижегородская область;Лысково;UTC+3;56.0262359;45.035771;21882;1410
607100;Приволжский;Нижегородская область;Навашино;UTC+3;55.543811;42.1887089;16413;1957
603000;Приволжский;Нижегородская область;Нижний Новгород;UTC+3;56.3240627;44.0053913;1250615;1221
606100;Приволжский;Нижегородская область;Павлово;UTC+3;55.9797564;43.0995042;60699;1566
607751;Приволжский;Нижегородская область;Первомайск;UTC+3;54.8675792;43.8013992;14567;1800
607400;Приволжский;Нижегородская область;Перевоз;UTC+3;55.5967718;44.5448369;9201;1500
607180;Приволжский;Нижегородская область;Саров;UTC+3;54.9228268;43.3448089;92073;1691
606605;Приволжский;Нижегородская область;Семенов;UTC+3;56.7889794;44.4902885;24472;1644
607510;Приволжский;Нижегородская область;Сергач;UTC+3;55.5201515;45.4813231;21387;1649
606803;Приволжский;Нижегородская область;Урень;UTC+3;57.4612572;45.7833293;12311;1719
606540;Приволжский;Нижегородская область;Чкаловск;UTC+3;56.7651262;43.242077;12371;1100
606910;Приволжский;Нижегородская область;Шахунья;UTC+3;57.6764293;46.6129009;21337;1921
174400;Северо-Западный;Новгородская область;Боровичи;UTC+3;58.3840197;33.9175929;54731;1400
175400;Северо-Западный;Новгородская область;Валдай;UTC+3;57.9823766;33.2369436;16099;1400
173000;Северо-Западный;Новгородская область;Великий Новгород;UTC+3;58.5213846;31.2755394;218724;800
174260;Северо-Западный;Новгородская область;Малая Вишера;UTC+3;58.8458379;32.2247401;12461;1843
174350;Северо-Западный;Новгородская область;Окуловка;UTC+3;58.3910296;33.2901557;12464;1851
174510;Северо-Западный;Новгородская область;Пестово;UTC+3;58.5973723;35.8143898;15911;1918
175040;Северо-Западный;Новгородская область;Сольцы;UTC+3;58.1201281;30.309351;10317;1390
175200;Северо-Западный;Новгородская область;Старая Русса;UTC+3;57.990737;31.3554897;32235;1167
175270;Северо-Западный;Новгородская область;Холм;UTC+3;57.145108;31.1787499;3829;1144
174210;Северо-Западный;Новгородская область;Чудово;UTC+3;59.1248394;31.6866241;16148;1500
632330;Сибирский;Новосибирская область;Барабинск;UTC+7;55.35146;78.3464506;30250;1893
633000;Сибирский;Новосибирская область;Бердск;UTC+7;54.7582156;83.1070605;98809;1944
633340;Сибирский;Новосибирская область;Болотное;UTC+7;55.6692421;84.3906889;16969;1805
633200;Сибирский;Новосибирская область;Искитим;UTC+7;54.6267603;83.2951244;60072;1717
632860;Сибирский;Новосибирская область;Карасук;UTC+7;53.7343189;78.0422967;28929;1912
632400;Сибирский;Новосибирская область;Каргат;UTC+7;55.1945666;80.2829495;10620;1700
632380;Сибирский;Новосибирская область;Куйбышев;UTC+7;55.4685094;78.3242048;47278;1722
632730;Сибирский;Новосибирская область;Купино;UTC+7;54.366055;77.2973368;15448;1886
630000;Сибирский;Новосибирская область;Новосибирск;UTC+7;55.028191;82.9211489;1498921;1893
633100;Сибирский;Новосибирская область;Обь;UTC+7;54.9945576;82.6937181;26137;1934
632120;Сибирский;Новосибирская область;Татарск;UTC+7;55.2146167;75.9739914;26114;1894
633450;Сибирский;Новосибирская область;Тогучин;UTC+7;55.2251631;84.4104118;21531;1867
633520;Сибирский;Новосибирская область;Черепаново;UTC+7;54.2206476;83.3724521;19346;1912
632550;Сибирский;Новосибирская область;Чулым;UTC+7;55.0906867;80.9592508;11964;1762
646020;Сибирский;Омская область;Исилькуль;UTC+6;54.9096002;71.2816284;25905;1895
646900;Сибирский;Омская область;Калачинск;UTC+6;55.0598155;74.5653644;24000;1952
646100;Сибирский;Омская область;Называевск;UTC+6;55.5689323;71.3503426;12119;1910
644000;Сибирский;Омская область;Омск;UTC+6;54.9848566;73.3674517;1154000;1716
646530;Сибирский;Омская область;Тара;UTC+6;56.9160511;74.3649194;26664;1594
646330;Сибирский;Омская область;Тюкалинск;UTC+6;55.8703415;72.1954747;12050;1759
461743;Приволжский;Оренбургская область;Абдулино;UTC+5;53.6778906;53.6472483;20663;1795
461630;Приволжский;Оренбургская область;Бугуруслан;UTC+5;53.6523728;52.4326853;52249;1748
461040;Приволжский;Оренбургская область;Бузулук;UTC+5;52.7881277;52.2624877;82816;1736
462631;Приволжский;Оренбургская область;Гай;UTC+5;51.4649189;58.4436875;38302;1959
462240;Приволжский;Оренбургская область;Кувандык;UTC+5;51.4783857;57.3612636;26176;1800
462271;Приволжский;Оренбургская область;Медногорск;UTC+5;51.4037617;57.583163;27253;1933
462351;Приволжский;Оренбургская область;Новотроицк;UTC+5;51.1964202;58.3018192;97914;1920
460000;Приволжский;Оренбургская область;Оренбург;UTC+5;51.7875092;55.1018828;570329;1743
462400;Приволжский;Оренбургская область;Орск;UTC+5;51.2294282;58.4752777;238006;1735
461504;Приволжский;Оренбургская область;Соль-Илецк;UTC+5;51.1633736;54.9896726;26308;1754
461900;Приволжский;Оренбургская область;Сорочинск;UTC+5;52.426685;53.1542745;30136;1737
462780;Приволжский;Оренбургская область;Ясный;UTC+5;51.036838;59.874344;16082;1961
303140;Центральный;Орловская область;Болхов;UTC+3;53.4438496;36.0076833;11421;1196
303240;Центральный;Орловская область;Дмитровск;UTC+3;52.5054851;35.1415009;5956;1711
303850;Центральный;Орловская область;Ливны;UTC+3;52.4284558;37.6039506;50430;1586
303369;Центральный;Орловская область;Малоархангельск;UTC+3;52.4002192;36.5038579;3872;1600
303030;Центральный;Орловская область;Мценск;UTC+3;53.2788438;36.5749105;43216;1146
303500;Центральный;Орловская область;Новосиль;UTC+3;52.97454;37.0437146;3799;1155
302000;Центральный;Орловская область;Орёл;UTC+3;52.9671298;36.0696427;317854;1566
442250;Приволжский;Пензенская область;Белинский;UTC+3;52.9640996;43.4183212;8567;1708
442310;Приволжский;Пензенская область;Городище;UTC+3;53.2726916;45.7026142;8102;1681
442960;Приволжский;Пензенская область;Заречный;UTC+3;53.1960836;45.1689907;63579;1958
442240;Приволжский;Пензенская область;Каменка;UTC+3;53.1855463;44.0469717;39579;1700
442530;Приволжский;Пензенская область;Кузнецк;UTC+3;53.1130888;46.605092;88886;1699
442150;Приволжский;Пензенская область;Нижний Ломов;UTC+3;53.5300905;43.6730217;22678;1636
442680;Приволжский;Пензенская область;Никольск;UTC+3;53.7137496;46.0799857;22471;1761
440000;Приволжский;Пензенская область;Пенза;UTC+3;53.1753314;45.0348625;519592;1663
442890;Приволжский;Пензенская область;Сердобск;UTC+3;52.4697595;44.2122414;35393;1698
442600;Приволжский;Пензенская область;Спасск;UTC+3;53.9271974;43.1859073;7442;1600
442300;Приволжский;Пензенская область;Сурск;UTC+3;53.0761357;45.6910796;7032;1849
618320;Приволжский;Пермский край;Александровск;UTC+5;59.1613221;57.5763459;15022;1783
618400;Приволжский;Пермский край;Березники;UTC+5;59.4079923;56.8039427;156350;1932
617119;Приволжский;Пермский край;Верещагино;UTC+5;58.0797571;54.6581309;22760;1898
618820;Приволжский;Пермский край;Горнозаводск;UTC+5;58.3742532;58.3231716;12334;1947
618270;Приволжский;Пермский край;Гремячинск;UTC+5;58.5626082;57.8520572;11005;1941
618250;Приволжский;Пермский край;Губаха;UTC+5;58.8371721;57.554533;27544;1755
618730;Приволжский;Пермский край;Добрянка;UTC+5;58.469685;56.4130737;35720;1623
618350;Приволжский;Пермский край;Кизел;UTC+5;59.0512783;57.6471028;20277;1750
618590;Приволжский;Пермский край;Красновишерск;UTC+5;60.3901321;57.0535682;17129;1894
617060;Приволжский;Пермский край;Краснокамск;UTC+5;58.0822065;55.7479936;52632;1929
619000;Приволжский;Пермский край;Кудымкар;UTC+5;59.0167925;54.6572508;30711;1579
617470;Приволжский;Пермский край;Кунгур;UTC+5;57.4283296;56.9438656;67857;1663
618900;Приволжский;Пермский край;Лысьва;UTC+5;58.0995875;57.8086825;67712;1785
617000;Приволжский;Пермский край;Нытва;UTC+5;57.9336725;55.3356084;19041;1756
618120;Приволжский;Пермский край;Оса;UTC+5;57.2889515;55.4688668;22420;1591
618100;Приволжский;Пермский край;Оханск;UTC+5;57.7180034;55.3872469;7597;1547
617140;Приволжский;Пермский край;Очер;UTC+5;57.8852686;54.7161091;15003;1759
614000;Приволжский;Пермский край;Пермь;UTC+5;58.0102583;56.2342034;1000679;1723
618541;Приволжский;Пермский край;Соликамск;UTC+5;59.6482998;56.771009;97239;1430
618460;Приволжский;Пермский край;Усолье;UTC+5;59.4277573;56.6837872;5694;1606
617760;Приволжский;Пермский край;Чайковский;UTC+5;56.7781501;54.1477965;82933;1955
618601;Приволжский;Пермский край;Чердынь;UTC+5;60.4011933;56.4799933;4920;1451
617040;Приволжский;Пермский край;Чермоз;UTC+5;58.7842834;56.1507138;4017;1701
617830;Приволжский;Пермский край;Чернушка;UTC+5;56.5160768;56.0763049;33275;1854
618200;Приволжский;Пермский край;Чусовой;UTC+5;58.2974596;57.8193615;46740;1878
692330;Дальневосточный;Приморский край;Арсеньев;UTC+10;44.1622031;133.2696209;56742;1902
692486;Дальневосточный;Приморский край;Артем;UTC+10;43.3501675;132.1596175;102636;1924
692801;Дальневосточный;Приморский край;Большой Камень;UTC+10;43.1111742;132.3480082;39257;1947
690000;Дальневосточный;Приморский край;Владивосток;UTC+10;43.1164904;131.8823937;592069;1860
692441;Дальневосточный;Приморский край;Дальнегорск;UTC+10;44.5539457;135.5662716;37503;1897
692130;Дальневосточный;Приморский край;Дальнереченск;UTC+10;45.9308483;133.7316907;27601;1859
692031;Дальневосточный;Приморский край;Лесозаводск;UTC+10;45.4780092;133.4186199;36975;1932
692900;Дальневосточный;Приморский край;Находка;UTC+10;42.8239372;132.8927361;159695;1864
692851;Дальневосточный;Приморский край;Партизанск;UTC+10;43.1280578;133.1264567;38648;1896
692230;Дальневосточный;Приморский край;Спасск-Дальний;UTC+10;44.5901175;132.8157288;44166;1886
692500;Дальневосточный;Приморский край;Уссурийск;UTC+10;43.7971818;131.9518229;157946;1866
692880;Дальневосточный;Приморский край;Фокино;UTC+10;42.9706317;132.4110196;23683;1891
182100;Северо-Западный;Псковская область;Великие Луки;UTC+3;56.332208;30.5508641;98778;1166
181600;Северо-Западный;Псковская область;Гдов;UTC+3;58.7432429;27.8264809;4379;1300
182670;Северо-Западный;Псковская область;Дно;UTC+3;57.826974;29.9629389;9061;1897
182500;Северо-Западный;Псковская область;Невель;UTC+3;56.0201973;29.9239983;16324;1562
182440;Северо-Западный;Псковская область;Новоржев;UTC+3;57.029807;29.3433083;3695;1777
182200;Северо-Западный;Псковская область;Новосокольники;UTC+3;56.3408431;30.1527573;8119;1901
182333;Северо-Западный;Псковская область;Опочка;UTC+3;56.710725;28.6717519;11601;1414
181353;Северо-Западный;Псковская область;Остров;UTC+3;57.3451528;28.3437593;21670;1341
181502;Северо-Западный;Псковская область;Печоры;UTC+3;57.8145817;27.622259;12308;1473
182620;Северо-Западный;Псковская область;Порхов;UTC+3;57.7765219;29.5436626;10608;1239
180000;Северо-Западный;Псковская область;Псков;UTC+3;57.8194415;28.3317198;203974;903
182300;Северо-Западный;Псковская область;Пустошка;UTC+3;56.3374813;29.3668055;4619;1901
181410;Северо-Западный;Псковская область;Пыталово;UTC+3;57.0637952;27.9236214;5826;1782
182250;Северо-Западный;Псковская область;Себеж;UTC+3;56.2908554;28.4724326;6375;1414
346780;Южный;Ростовская область;Азов;UTC+3;47.1121589;39.4232555;82882;1067
346720;Южный;Ростовская область;Аксай;UTC+3;47.2676314;39.8756872;41984;1957
346880;Южный;Ростовская область;Батайск;UTC+3;47.1383299;39.7507179;112400;1938
347040;Южный;Ростовская область;Белая Калитва;UTC+3;48.1769737;40.8033529;43688;1703
347360;Южный;Ростовская область;Волгодонск;UTC+3;47.5165338;42.1984951;170621;1950
347870;Южный;Ростовская область;Гуково;UTC+3;48.0448904;39.9484672;67268;1878
346330;Южный;Ростовская область;Донецк;UTC+3;48.3350706;39.945891;50085;1681
346310;Южный;Ростовская область;Зверево;UTC+3;48.0435487;40.1265822;22416;1819
347740;Южный;Ростовская область;Зерноград;UTC+3;46.8495958;40.312837;26850;1929
347800;Южный;Ростовская область;Каменск-Шахтинский;UTC+3;48.3205326;40.2689583;95306;1671
347250;Южный;Ростовская область;Константиновск;UTC+3;47.5773717;41.0967445;17926;1864
346350;Южный;Ростовская область;Красный Сулин;UTC+3;47.8831311;40.0781298;40866;1797
346130;Южный;Ростовская область;Миллерово;UTC+3;48.9260077;40.3984087;36493;1786
347210;Южный;Ростовская область;Морозовск;UTC+3;48.3511807;41.8309225;27644;1910
346400;Южный;Ростовская область;Новочеркасск;UTC+3;47.411919;40.1042098;169039;1805
346900;Южный;Ростовская область;Новошахтинск;UTC+3;47.757773;39.9363697;111087;1910
347540;Южный;Ростовская область;Пролетарск;UTC+3;46.7038963;41.727594;20267;1600
344000;Южный;Ростовская область;Ростов-на-Дону;UTC+3;47.2224566;39.718803;1091544;1749
347630;Южный;Ростовская область;Сальск;UTC+3;46.4752095;41.5410415;61312;1812
346630;Южный;Ростовская область;Семикаракорск;UTC+3;47.5177337;40.8114167;23884;1672
347900;Южный;Ростовская область;Таганрог;UTC+3;47.2094917;38.9350989;257692;1698
347320;Южный;Ростовская область;Цимлянск;UTC+3;47.6477448;42.0931505;15029;1672
346500;Южный;Ростовская область;Шахты;UTC+3;47.7085287;40.2159846;240152;1805
391300;Центральный;Рязанская область;Касимов;UTC+3;54.9373475;41.3913211;33494;1152
391200;Центральный;Рязанская область;Кораблино;UTC+3;53.9246659;40.0227745;12657;1676
391710;Центральный;Рязанская область;Михайлов;UTC+3;54.2297402;39.0091481;11783;1137
391160;Центральный;Рязанская область;Новомичуринск;UTC+3;54.0376572;39.74654;19309;1968
391110;Центральный;Рязанская область;Рыбное;UTC+3;54.7256164;39.5134398;18378;1597
391960;Центральный;Рязанская область;Ряжск;UTC+3;53.7067584;40.0522274;21676;1502
390000;Центральный;Рязанская область;Рязань;UTC+3;54.6254445;39.7358609;525062;1095
391430;Центральный;Рязанская область;Сасово;UTC+3;54.3508885;41.9117422;28117;1642
391800;Центральный;Рязанская область;Скопин;UTC+3;53.823543;39.5492421;30374;1676
391030;Центральный;Рязанская область;Спас-Клепики;UTC+3;55.1291721;40.1745338;5917;1500
391050;Центральный;Рязанская область;Спасск-Рязанский;UTC+3;54.4070719;40.3763426;7745;1629
391550;Центральный;Рязанская область;Шацк;UTC+3;54.0287312;41.7181803;6562;1553
445350;Приволжский;Самарская область;Жигулевск;UTC+4;53.4011981;49.4945176;57565;1949
446430;Приволжский;Самарская область;Кинель;UTC+4;53.2210298;50.6343776;34472;1837
446600;Приволжский;Самарская область;Нефтегорск;UTC+4;52.7972914;51.1637392;18732;1960
446200;Приволжский;Самарская область;Новокуйбышевск;UTC+4;53.0994565;49.9477382;108449;1946
445240;Приволжский;Самарская область;Октябрьск;UTC+4;53.1640488;48.670762;27244;1684
446300;Приволжский;Самарская область;Отрадный;UTC+4;53.3800848;51.3438605;47709;1920
446450;Приволжский;Самарская область;Похвистнево;UTC+4;53.6498299;52.1235156;28181;1888
443000;Приволжский;Самарская область;Самара;UTC+4;53.1950306;50.1069518;1164900;1586
446000;Приволжский;Самарская область;Сызрань;UTC+4;53.1558674;48.4744629;178773;1683
445000;Приволжский;Самарская область;Тольятти;UTC+4;53.5205348;49.3894028;719484;1737
446100;Приволжский;Самарская область;Чапаевск;UTC+4;52.928961;49.8673269;72689;1909
412210;Приволжский;Саратовская область;Аркадак;UTC+4;51.938831;43.4999221;12846;1721
412420;Приволжский;Саратовская область;Аткарск;UTC+4;51.8736062;45.0003247;25620;1700
413840;Приволжский;Саратовская область;Балаково;UTC+4;52.0224231;47.7827765;199576;1762
412300;Приволжский;Саратовская область;Балашов;UTC+4;51.5388697;43.1839757;82222;1600
412900;Приволжский;Саратовская область;Вольск;UTC+4;52.0459865;47.3873595;66520;1780
413500;Приволжский;Саратовская область;Ершов;UTC+4;51.3508505;48.2762226;21447;1893
412480;Приволжский;Саратовская область;Калининск;UTC+4;51.4993591;44.4710435;16442;1680
412800;Приволжский;Саратовская область;Красноармейск;UTC+4;51.023541;45.695044;24362;1765
413230;Приволжский;Саратовская область;Красный Кут;UTC+4;50.9598317;46.9712016;14420;1837
413090;Приволжский;Саратовская область;Маркс;UTC+4;51.7133337;46.7400339;31535;1918
413360;Приволжский;Саратовская область;Новоузенск;UTC+4;50.455199;48.1413153;17015;1760
412540;Приволжский;Саратовская область;Петровск;UTC+4;52.3094237;45.3851877;31158;1698
413720;Приволжский;Саратовская область;Пугачев;UTC+4;52.0159921;48.7972223;41705;1764
412030;Приволжский;Саратовская область;Ртищево;UTC+4;52.2616271;43.7842248;41295;1666
410000;Приволжский;Саратовская область;Саратов;UTC+4;51.533557;46.034257;836900;1590
412780;Приволжский;Саратовская область;Хвалынск;UTC+4;52.4951572;48.1045771;13199;1556
412950;Приволжский;Саратовская область;Шиханы;UTC+4;52.1147391;47.2023118;6067;1928
413100;Приволжский;Саратовская область;Энгельс;UTC+4;51.4854003;46.126722;202838;1747
694420;Дальневосточный;Сахалинская область;Александровск-Сахалинский;UTC+11;50.8974378;142.1578559;10613;1869
694030;Дальневосточный;Сахалинская область;Анива;UTC+11;46.713152;142.5265804;8449;1886
694051;Дальневосточный;Сахалинская область;Долинск;UTC+11;47.3255783;142.7945071;12200;1884
694020;Дальневосточный;Сахалинская область;Корсаков;UTC+11;46.6324545;142.799445;33526;1853
694530;Дальневосточный;Сахалинская область;Курильск;UTC+11;45.2270954;147.8796323;2070;1700
694140;Дальневосточный;Сахалинская область;Макаров;UTC+11;48.6236334;142.7803205;6788;1892
694740;Дальневосточный;Сахалинская область;Невельск;UTC+11;46.6526899;141.8630725;11682;1946
694490;Дальневосточный;Сахалинская область;Оха;UTC+11;53.5867839;142.9412411;23007;1908
694240;Дальневосточный;Сахалинская область;Поронайск;UTC+11;49.238866;143.1008333;16461;1869
694550;Дальневосточный;Сахалинская область;Северо-Курильск;UTC+11;50.6730577;156.1282211;2381;1875
694820;Дальневосточный;Сахалинская область;Томари;UTC+11;47.7620108;142.0615837;4537;1870
694920;Дальневосточный;Сахалинская область;Углегорск;UTC+11;49.0815774;142.0692639;11880;1900
694620;Дальневосточный;Сахалинская область;Холмск;UTC+11;47.0408423;142.041688;30936;1870
693000;Дальневосточный;Сахалинская область;Южно-Сахалинск;UTC+11;46.9591631;142.737976;181727;1882
624600;Уральский;Свердловская область;Алапаевск;UTC+5;57.8475571;61.6693817;38198;1639
624000;Уральский;Свердловская область;Арамиль;UTC+5;56.694632;60.8343125;14227;1675
623780;Уральский;Свердловская область;Артемовский;UTC+5;57.3384177;61.8947443;32878;1665
624260;Уральский;Свердловская область;Асбест;UTC+5;57.0052277;61.4581156;70067;1889
623700;Уральский;Свердловская область;Березовский;UTC+5;56.9095924;60.8180907;51583;1748
623530;Уральский;Свердловская область;Богданович;UTC+5;56.7764795;62.0463679;31752;1885
624160;Уральский;Свердловская область;Верхний Тагил;UTC+5;57.3763758;59.9517653;11843;1716
624090;Уральский;Свердловская область;Верхняя Пышма;UTC+5;56.9758903;60.5650383;58707;1854
624760;Уральский;Свердловская область;Верхняя Салда;UTC+5;58.0465803;60.5560164;46240;1778
624320;Уральский;Свердловская область;Верхняя Тура;UTC+5;58.3643685;59.8265235;9468;1737
624380;Уральский;Свердловская область;Верхотурье;UTC+5;58.8622073;60.8103945;8815;1597
624940;Уральский;Свердловская область;Волчанск;UTC+5;59.9351707;60.0798618;10008;1956
623270;Уральский;Свердловская область;Дегтярск;UTC+5;56.7048206;60.079138;15521;1914
620000;Уральский;Свердловская область;Екатеринбург;UTC+5;56.8385216;60.6054911;1377738;1723
624250;Уральский;Свердловская область;Заречный;UTC+5;56.8102931;61.3380029;26803;1955
624590;Уральский;Свердловская область;Ивдель;UTC+5;60.6944496;60.4245069;17764;1831
623850;Уральский;Свердловская область;Ирбит;UTC+5;57.6838362;63.057675;38352;1631
623400;Уральский;Свердловская область;Каменск-Уральский;UTC+5;56.414962;61.9188674;174710;1682
624860;Уральский;Свердловская область;Камышлов;UTC+5;56.8465034;62.7119766;26875;1668
624930;Уральский;Свердловская область;Карпинск;UTC+5;59.7665925;60.0011703;29118;1759
624350;Уральский;Свердловская область;Качканар;UTC+5;58.7051762;59.4839155;42563;1957
624140;Уральский;Свердловская область;Кировград;UTC+5;57.4299433;60.0624051;21959;1661
624440;Уральский;Свердловская область;Краснотурьинск;UTC+5;59.7636635;60.1934525;59701;1758
624330;Уральский;Свердловская область;Красноуральск;UTC+5;58.348651;60.0408764;24973;1925
623300;Уральский;Свердловская область;Красноуфимск;UTC+5;56.612387;57.7636637;39765;1736
624300;Уральский;Свердловская область;Кушва;UTC+5;58.2826013;59.7645766;33027;1735
624200;Уральский;Свердловская область;Лесной;UTC+5;58.6348516;59.7981565;52464;1947
623080;Уральский;Свердловская область;Михайловск;UTC+5;56.4370039;59.1137316;9215;1805
624191;Уральский;Свердловская область;Невьянск;UTC+5;57.49131;60.2183429;25147;1701
623090;Уральский;Свердловская область;Нижние Серги;UTC+5;56.6544959;59.2953035;11217;1743
622000;Уральский;Свердловская область;Нижний Тагил;UTC+5;57.910126;59.9812853;361883;1722
624740;Уральский;Свердловская область;Нижняя Салда;UTC+5;58.0748272;60.7025418;17969;1760
624220;Уральский;Свердловская область;Нижняя Тура;UTC+5;58.6309267;59.8520344;21596;1754
624400;Уральский;Свердловская область;Новая Ляля;UTC+5;59.0538977;60.5944825;12400;1903
624130;Уральский;Свердловская область;Новоуральск;UTC+5;57.2472567;60.0956714;91813;1941
623100;Уральский;Свердловская область;Первоуральск;UTC+5;56.9080085;59.942926;149800;1732
623382;Уральский;Свердловская область;Полевской;UTC+5;56.4956952;60.2365298;64316;1718
623280;Уральский;Свердловская область;Ревда;UTC+5;56.7986319;59.9071591;61713;1734
623750;Уральский;Свердловская область;Реж;UTC+5;57.3717477;61.3833842;38709;1773
624480;Уральский;Свердловская область;Североуральск;UTC+5;60.1533109;59.9525245;29279;1758
624981;Уральский;Свердловская область;Серов;UTC+5;59.6047724;60.5753882;99381;1893
624070;Уральский;Свердловская область;Среднеуральск;UTC+5;56.9918901;60.4771018;20357;1931
624800;Уральский;Свердловская область;Сухой Лог;UTC+5;56.9076193;62.0358093;34836;1710
624021;Уральский;Свердловская область;Сысерть;UTC+5;56.5005715;60.8190003;20594;1732
623950;Уральский;Свердловская область;Тавда;UTC+5;58.0434672;65.274217;35421;1910
623640;Уральский;Свердловская область;Талица;UTC+5;57.0122687;63.7320757;18339;1732
623900;Уральский;Свердловская область;Туринск;UTC+5;58.0393524;63.6981973;17990;1600
299700;Южный;Севастополь;Севастополь;UTC+3;44.6167013;33.525355;393304;1783
363240;Северо-Кавказский;Республика Северная Осетия - Алания;Алагир;UTC+3;43.0417684;44.2199715;20949;1850
363331;Северо-Кавказский;Республика Северная Осетия - Алания;Ардон;UTC+3;43.1755152;44.2955775;18774;1824
363020;Северо-Кавказский;Республика Северная Осетия - Алания;Беслан;UTC+3;43.1937529;44.5338707;36724;1847
362000;Северо-Кавказский;Республика Северная Осетия - Алания;Владикавказ;UTC+3;43.020588;44.6819182;311635;1784
363410;Северо-Кавказский;Республика Северная Осетия - Алания;Дигора;UTC+3;43.1567628;44.1549483;10856;1852
363750;Северо-Кавказский;Республика Северная Осетия - Алания;Моздок;UTC+3;43.7471342;44.6569607;38748;1763
216290;Центральный;Смоленская область;Велиж;UTC+3;55.6057916;31.1856206;7620;1536
215110;Центральный;Смоленская область;Вязьма;UTC+3;55.2116983;34.2951663;57103;1239
215010;Центральный;Смоленская область;Гагарин;UTC+3;55.5525228;34.9950502;31721;1705
216240;Центральный;Смоленская область;Демидов;UTC+3;55.2682105;31.5062809;7333;1499
216400;Центральный;Смоленская область;Десногорск;UTC+3;54.146457;33.2833222;29677;1974
215710;Центральный;Смоленская область;Дорогобуж;UTC+3;54.9136959;33.3023162;10720;1150
216200;Центральный;Смоленская область;Духовщина;UTC+3;55.1950257;32.401252;4370;1675
216330;Центральный;Смоленская область;Ельня;UTC+3;54.5837795;33.1749867;10095;1150
216450;Центральный;Смоленская область;Починок;UTC+3;54.406244;32.4398039;8776;1868
216500;Центральный;Смоленская область;Рославль;UTC+3;53.9449558;32.8480258;54898;1137
216790;Центральный;Смоленская область;Рудня;UTC+3;54.9441093;31.0794806;10029;1363
215500;Центральный;Смоленская область;Сафоново;UTC+3;55.1199661;33.2336988;46116;1859
214000;Центральный;Смоленская область;Смоленск;UTC+3;54.782635;32.045251;326863;863
215279;Центральный;Смоленская область;Сычевка;UTC+3;55.8308821;34.2778793;8111;1488
215800;Центральный;Смоленская область;Ярцево;UTC+3;55.0564732;32.6902302;47853;1610
356420;Северо-Кавказский;Ставропольский край;Благодарный;UTC+3;45.0989782;43.4306455;32736;1782
356800;Северо-Кавказский;Ставропольский край;Буденновск;UTC+3;44.7816067;44.1650339;64628;1799
357820;Северо-Кавказский;Ставропольский край;Георгиевск;UTC+3;44.1485694;43.4739851;72126;1777
357600;Северо-Кавказский;Ставропольский край;Ессентуки;UTC+3;44.0446186;42.8588653;100969;1825
357400;Северо-Кавказский;Ставропольский край;Железноводск;UTC+3;44.1320568;43.0306461;24496;1810
357910;Северо-Кавказский;Ставропольский край;Зеленокумск;UTC+3;44.4032668;43.8841877;35790;1781
356140;Северо-Кавказский;Ставропольский край;Изобильный;UTC+3;45.3684296;41.708702;40546;1895
356630;Северо-Кавказский;Ставропольский край;Ипатово;UTC+3;45.7181751;42.8970206;26055;1860
357700;Северо-Кавказский;Ставропольский край;Кисловодск;UTC+3;43.9052044;42.7168721;128502;1803
357340;Северо-Кавказский;Ставропольский край;Лермонтов;UTC+3;44.1054107;42.973135;22540;1953
357200;Северо-Кавказский;Ставропольский край;Минеральные Воды;UTC+3;44.2087273;43.138408;76715;1878
356240;Северо-Кавказский;Ставропольский край;Михайловск;UTC+3;45.1297323;42.0288443;71018;1784
357100;Северо-Кавказский;Ставропольский край;Невинномысск;UTC+3;44.6226031;41.9476723;118351;1825
356880;Северо-Кавказский;Ставропольский край;Нефтекумск;UTC+3;44.7544552;44.9865347;27700;1958
356000;Северо-Кавказский;Ставропольский край;Новоалександровск;UTC+3;45.4932733;41.2153996;26759;1804
357300;Северо-Кавказский;Ставропольский край;Новопавловск;UTC+3;43.9617097;43.6342865;26556;1777
357500;Северо-Кавказский;Ставропольский край;Пятигорск;UTC+3;44.041091;43.0661553;142397;1780
356530;Северо-Кавказский;Ставропольский край;Светлоград;UTC+3;45.328659;42.8565714;38520;1786
355000;Северо-Кавказский;Ставропольский край;Ставрополь;UTC+3;45.044516;41.9689655;398266;1777
393670;Центральный;Тамбовская область;Жердевка;UTC+3;51.8422192;41.4617687;15211;1745
393360;Центральный;Тамбовская область;Кирсанов;UTC+3;52.6506335;42.7286445;17240;1702
393190;Центральный;Тамбовская область;Котовск;UTC+3;52.5924489;41.5101237;31851;1940
393760;Центральный;Тамбовская область;Мичуринск;UTC+3;52.8912389;40.5104443;98758;1635
393950;Центральный;Тамбовская область;Моршанск;UTC+3;53.4436216;41.8115478;41550;1623
393250;Центральный;Тамбовская область;Рассказово;UTC+3;52.6538833;41.874285;45484;1698
392000;Центральный;Тамбовская область;Тамбов;UTC+3;52.7213154;41.452264;280457;1636
393460;Центральный;Тамбовская область;Уварово;UTC+3;51.9767841;42.2529799;26829;1699
422230;Приволжский;Республика Татарстан;Агрыз;UTC+3;56.5232864;52.9943775;19299;1646
423330;Приволжский;Республика Татарстан;Азнакаево;UTC+3;54.8598642;53.0745527;34859;1762
423403;Приволжский;Республика Татарстан;Альметьевск;UTC+3;54.9014619;52.2970467;146309;1700
422000;Приволжский;Республика Татарстан;Арск;UTC+3;56.0912567;49.877067;18114;1200
423930;Приволжский;Республика Татарстан;Бавлы;UTC+3;54.4062891;53.2458065;22109;1658
422840;Приволжский;Республика Татарстан;Болгар;UTC+3;54.974891;49.0303882;8650;1781
423230;Приволжский;Республика Татарстан;Бугульма;UTC+3;54.5363495;52.7895849;89144;1736
422430;Приволжский;Республика Татарстан;Буинск;UTC+3;54.9641538;48.2901209;20342;1691
423600;Приволжский;Республика Татарстан;Елабуга;UTC+3;55.7567107;52.0543794;70750;1000
423520;Приволжский;Республика Татарстан;Заинск;UTC+3;55.299053;52.0062972;41798;1656
422521;Приволжский;Республика Татарстан;Зеленодольск;UTC+3;55.8466651;48.5010954;97651;1865
420500;Приволжский;Республика Татарстан;Иннополис;UTC+3;55.7521699;48.7446846;96;2012
420000;Приволжский;Республика Татарстан;Казань;UTC+3;55.7943584;49.1114975;1216965;1005
422110;Приволжский;Республика Татарстан;Кукмор;UTC+3;56.1861392;50.8970238;17700;1741
422610;Приволжский;Республика Татарстан;Лаишево;UTC+3;55.4042867;49.5499838;7735;1557
423250;Приволжский;Республика Татарстан;Лениногорск;UTC+3;54.5967034;52.4431906;64145;1795
422190;Приволжский;Республика Татарстан;Мамадыш;UTC+3;55.7150413;51.4129016;14432;1391
423650;Приволжский;Республика Татарстан;Менделеевск;UTC+3;55.895169;52.3143347;22075;1868
423700;Приволжский;Республика Татарстан;Мензелинск;UTC+3;55.7270698;53.1003968;16474;1586
423800;Приволжский;Республика Татарстан;Набережные Челны;UTC+3;55.7434619;52.3959165;513242;1626
423570;Приволжский;Республика Татарстан;Нижнекамск;UTC+3;55.6313609;51.8144669;234108;1961
423040;Приволжский;Республика Татарстан;Нурлат;UTC+3;54.4281461;50.8049337;32600;1905
422370;Приволжский;Республика Татарстан;Тетюши;UTC+3;54.936516;48.8314533;11596;1578
422951;Приволжский;Республика Татарстан;Чистополь;UTC+3;55.3699139;50.6285784;60703;1700
172800;Центральный;Тверская область;Андреаполь;UTC+3;56.6506724;32.2620163;8265;1907
171980;Центральный;Тверская область;Бежецк;UTC+3;57.7860089;36.6904983;24517;1137
172530;Центральный;Тверская область;Белый;UTC+3;55.8339056;32.9389741;3771;1350
171070;Центральный;Тверская область;Бологое;UTC+3;57.8855767;34.0537771;23499;1495
171720;Центральный;Тверская область;Весьегонск;UTC+3;58.6582598;37.2567558;7330;1564
171150;Центральный;Тверская область;Вышний Волочек;UTC+3;57.568302;34.5404016;52326;1471
172610;Центральный;Тверская область;Западная Двина;UTC+3;56.2566492;32.0805315;9376;1900
172332;Центральный;Тверская область;Зубцов;UTC+3;56.1760868;34.5825515;6937;1216
171571;Центральный;Тверская область;Калязин;UTC+3;57.2579478;37.7819693;13870;1434
171640;Центральный;Тверская область;Кашин;UTC+3;57.360194;37.6119436;16174;1238
171500;Центральный;Тверская область;Кимры;UTC+3;56.8733213;37.3556605;49623;1546
171250;Центральный;Тверская область;Конаково;UTC+3;56.7275204;36.8012716;41303;1806
171660;Центральный;Тверская область;Красный Холм;UTC+3;58.0571446;37.1126156;5608;1518
172110;Центральный;Тверская область;Кувшиново;UTC+3;57.0265168;34.1676009;10008;1910
171210;Центральный;Тверская область;Лихославль;UTC+3;57.1221304;35.4667605;12259;1624
172520;Центральный;Тверская область;Нелидово;UTC+3;56.2232566;32.7767459;22886;1900
172730;Центральный;Тверская область;Осташков;UTC+3;57.1456744;33.1115372;18073;1300
172380;Центральный;Тверская область;Ржев;UTC+3;56.262881;34.3291002;62026;1216
171360;Центральный;Тверская область;Старица;UTC+3;56.514876;34.9336396;8610;1297
170000;Центральный;Тверская область;Тверь;UTC+3;56.8586059;35.9116761;403726;1135
172000;Центральный;Тверская область;Торжок;UTC+3;57.04133;34.9602344;47702;900
172842;Центральный;Тверская область;Торопец;UTC+3;56.5012188;31.6355466;13018;1074
171841;Центральный;Тверская область;Удомля;UTC+3;57.8787314;35.0167348;31048;1478
636840;Сибирский;Томская область;Асино;UTC+7;56.9907085;86.1765257;25614;1896
636615;Сибирский;Томская область;Кедровый;UTC+7;57.561869;79.5677821;2451;1982
636460;Сибирский;Томская область;Колпашево;UTC+7;58.3114253;82.9025829;24126;1600
636000;Сибирский;Томская область;Северск;UTC+7;56.6031285;84.8809926;108466;1949
636780;Сибирский;Томская область;Стрежевой;UTC+7;60.732895;77.604122;42216;1966
634000;Сибирский;Томская область;Томск;UTC+7;56.4845804;84.9481582;522940;1604
301352;Центральный;Тульская область;Алексин;UTC+3;54.5083349;37.0478067;61738;1348
301530;Центральный;Тульская область;Белев;UTC+3;53.8114179;36.1382247;13918;1147
301830;Центральный;Тульская область;Богородицк;UTC+3;53.7701014;38.1225152;31897;1663
301280;Центральный;Тульская область;Болохово;UTC+3;54.0820349;37.826724;9619;1500
301320;Центральный;Тульская область;Венев;UTC+3;54.3542315;38.2642236;15220;1371
301760;Центральный;Тульская область;Донской;UTC+3;53.9678944;38.3371824;64561;1773
301840;Центральный;Тульская область;Ефремов;UTC+3;53.1464766;38.0921657;42350;1637
301720;Центральный;Тульская область;Кимовск;UTC+3;53.9698378;38.5380808;28493;1600
301260;Центральный;Тульская область;Киреевск;UTC+3;53.9319555;37.9220351;25585;1762
301264;Центральный;Тульская область;Липки;UTC+3;53.9417551;37.7020148;8741;1600
301650;Центральный;Тульская область;Новомосковск;UTC+3;54.0109075;38.2914024;131227;1930
301470;Центральный;Тульская область;Плавск;UTC+3;53.7096415;37.2862352;16248;1563
301205;Центральный;Тульская область;Советск;UTC+3;53.9338874;37.6316141;7537;1949
301430;Центральный;Тульская область;Суворов;UTC+3;54.1343585;36.4807419;18975;1949
300000;Центральный;Тульская область;Тула;UTC+3;54.1920559;37.6153842;501129;1146
301600;Центральный;Тульская область;Узловая;UTC+3;53.9730452;38.1763201;55282;1873
301414;Центральный;Тульская область;Чекалин;UTC+3;54.0984438;36.2474142;994;1565
301240;Центральный;Тульская область;Щекино;UTC+3;54.0020652;37.5176288;58154;1870
301030;Центральный;Тульская область;Ясногорск;UTC+3;54.4795484;37.6896048;16804;1578
668050;Сибирский;Республика Тыва;Ак-Довурак;UTC+7;51.178452;90.5985129;13469;1964
667000;Сибирский;Республика Тыва;Кызыл;UTC+7;51.7191047;94.4376882;109906;1914
668510;Сибирский;Республика Тыва;Туран;UTC+7;52.1449619;93.9173396;4988;1885
668110;Сибирский;Республика Тыва;Чадан;UTC+7;51.2844502;91.5788609;9037;1873
668210;Сибирский;Республика Тыва;Шагонар;UTC+7;51.5346393;92.9199675;10958;1888
627140;Уральский;Тюменская область;Заводоуковск;UTC+5;56.5027463;66.5513613;25657;1729
627705;Уральский;Тюменская область;Ишим;UTC+5;56.1104858;69.4795776;69567;1687
626150;Уральский;Тюменская область;Тобольск;UTC+5;58.2017299;68.2538558;99698;1587
625000;Уральский;Тюменская область;Тюмень;UTC+5;57.1529744;65.5344099;581758;1586
627010;Уральский;Тюменская область;Ялуторовск;UTC+5;56.6547289;66.3122992;36494;1659
427430;Приволжский;Удмуртская Республика;Воткинск;UTC+4;57.0518149;53.9873096;100034;1759
427620;Приволжский;Удмуртская Республика;Глазов;UTC+4;58.1359233;52.6635038;95835;1678
426000;Приволжский;Удмуртская Республика;Ижевск;UTC+4;56.852738;53.2114896;628117;1760
427950;Приволжский;Удмуртская Республика;Камбарка;UTC+4;56.2659916;54.193374;11028;1767
427759;Приволжский;Удмуртская Республика;Можга;UTC+4;56.4427774;52.2137886;47959;1835
427960;Приволжский;Удмуртская Республика;Сарапул;UTC+4;56.4615767;53.8037657;101390;1621
433750;Приволжский;Ульяновская область;Барыш;UTC+4;53.6533992;47.1181134;17149;1600
433500;Приволжский;Ульяновская область;Димитровград;UTC+4;54.2167926;49.6262585;122549;1698
433030;Приволжский;Ульяновская область;Инза;UTC+4;53.8549647;46.3533459;18547;1897
433300;Приволжский;Ульяновская область;Новоульяновск;UTC+4;54.1447956;48.3910789;16032;1957
433380;Приволжский;Ульяновская область;Сенгилей;UTC+4;53.958964;48.7768269;6959;1666
432000;Приволжский;Ульяновская область;Ульяновск;UTC+4;54.3079415;48.3748487;613793;1648
682640;Дальневосточный;Хабаровский край;Амурск;UTC+10;50.2344147;136.8792444;42977;1958
682970;Дальневосточный;Хабаровский край;Бикин;UTC+10;46.8185743;134.2550718;17156;1895
682950;Дальневосточный;Хабаровский край;Вяземский;UTC+10;47.5353379;134.7553856;14556;1894
681000;Дальневосточный;Хабаровский край;Комсомольск-на-Амуре;UTC+10;50.5498936;137.0079408;263906;1932
682460;Дальневосточный;Хабаровский край;Николаевск-на-Амуре;UTC+10;53.1460657;140.7111367;22773;1850
682800;Дальневосточный;Хабаровский край;Советская Гавань;UTC+10;48.9664966;140.285174;27712;1853
680000;Дальневосточный;Хабаровский край;Хабаровск;UTC+10;48.4647258;135.0598942;577668;1858
655750;Сибирский;Республика Хакасия;Абаза;UTC+7;52.6516647;90.0885686;17111;1867
655000;Сибирский;Республика Хакасия;Абакан;UTC+7;53.7223325;91.4436721;165183;1734
655602;Сибирский;Республика Хакасия;Саяногорск;UTC+7;53.1008083;91.4122454;49889;1975
655111;Сибирский;Республика Хакасия;Сорск;UTC+7;54.0002888;90.2594446;12140;1940
655151;Сибирский;Республика Хакасия;Черногорск;UTC+7;53.8259342;91.3260229;72117;1936
628160;Уральский;Ханты-Мансийский автономный округ — Югра;Белоярский;UTC+5;63.7121099;66.6772226;20283;1969
628481;Уральский;Ханты-Мансийский автономный округ — Югра;Когалым;UTC+5;62.2639527;74.4829794;58192;1975
628671;Уральский;Ханты-Мансийский автономный округ — Югра;Лангепас;UTC+5;61.2536939;75.1807763;41675;1980
628449;Уральский;Ханты-Мансийский автономный округ — Югра;Лянтор;UTC+5;61.6392863;72.179409;38922;1932
628680;Уральский;Ханты-Мансийский автономный округ — Югра;Мегион;UTC+5;61.0318712;76.1025878;49471;1810
628301;Уральский;Ханты-Мансийский автономный округ — Югра;Нефтеюганск;UTC+5;61.0882676;72.6164079;123276;1961
628600;Уральский;Ханты-Мансийский автономный округ — Югра;Нижневартовск;UTC+5;60.9396698;76.5696184;251860;1909
628181;Уральский;Ханты-Мансийский автономный округ — Югра;Нягань;UTC+5;62.1454701;65.3946047;54903;1965
628660;Уральский;Ханты-Мансийский автономный округ — Югра;Покачи;UTC+5;61.7422169;75.5941517;17053;1984
628380;Уральский;Ханты-Мансийский автономный округ — Югра;Пыть-Ях;UTC+5;60.7585833;72.8365617;41453;1968
628461;Уральский;Ханты-Мансийский автономный округ — Югра;Радужный;UTC+5;62.1342888;77.4584094;43394;1973
628240;Уральский;Ханты-Мансийский автономный округ — Югра;Советский;UTC+5;61.3706913;63.5667222;26434;1963
628400;Уральский;Ханты-Мансийский автономный округ — Югра;Сургут;UTC+5;61.2541083;73.3961587;306703;1594
628280;Уральский;Ханты-Мансийский автономный округ — Югра;Урай;UTC+5;60.1296954;64.8038508;39435;1922
628000;Уральский;Ханты-Мансийский автономный округ — Югра;Ханты-Мансийск;UTC+5;61.0023984;69.0184798;79410;1582
628260;Уральский;Ханты-Мансийский автономный округ — Югра;Югорск;UTC+5;61.3123568;63.3365484;34066;1962
456015;Уральский;Челябинская область;Аша;UTC+5;54.9906527;57.2783953;31916;1898
456900;Уральский;Челябинская область;Бакал;UTC+5;54.9406399;58.8051698;20953;1757
457670;Уральский;Челябинская область;Верхнеуральск;UTC+5;53.8760961;59.2169852;9459;1734
456800;Уральский;Челябинская область;Верхний Уфалей;UTC+5;56.0487158;60.2318886;30504;1761
456580;Уральский;Челябинская область;Еманжелинск;UTC+5;54.7554548;61.3243477;30218;1931
456200;Уральский;Челябинская область;Златоуст;UTC+5;55.1714905;59.6725549;174985;1754
456140;Уральский;Челябинская область;Карабаш;UTC+5;55.4852323;60.2358881;13151;1822
457353;Уральский;Челябинская область;Карталы;UTC+5;53.0536197;60.6478408;29136;1810
456833;Уральский;Челябинская область;Касли;UTC+5;55.8868784;60.7421663;16998;1747
456110;Уральский;Челябинская область;Катав-Ивановск;UTC+5;54.7521438;58.1983648;17640;1755
456600;Уральский;Челябинская область;Копейск;UTC+5;55.116665;61.6179185;137604;1907
456550;Уральский;Челябинская область;Коркино;UTC+5;54.8903147;61.4034576;38950;1795
456940;Уральский;Челябинская область;Куса;UTC+5;55.3386053;59.4385778;18792;1778
456870;Уральский;Челябинская область;Кыштым;UTC+5;55.7061276;60.5563781;38950;1757
455000;Уральский;Челябинская область;Магнитогорск;UTC+5;53.4072153;58.9791437;408401;1929
456300;Уральский;Челябинская область;Миасс;UTC+5;55.0456457;60.1077572;151812;1773
456007;Уральский;Челябинская область;Миньяр;UTC+5;55.0709557;57.548478;10195;1771
456971;Уральский;Челябинская область;Нязепетровск;UTC+5;56.0536895;59.6097202;12452;1747
456780;Уральский;Челябинская область;Озерск;UTC+5;55.763154;60.7076198;82268;1945
457020;Уральский;Челябинская область;Пласт;UTC+5;54.3692764;60.8151894;17344;1940
456913;Уральский;Челябинская область;Сатка;UTC+5;55.0405288;59.0288975;45465;1758
456020;Уральский;Челябинская область;Сим;UTC+5;54.9907827;57.6900155;14465;1759
456770;Уральский;Челябинская область;Снежинск;UTC+5;56.0851495;60.7324914;48896;1957
456080;Уральский;Челябинская область;Трехгорный;UTC+5;54.8178249;58.4464194;33678;1952
457100;Уральский;Челябинская область;Троицк;UTC+5;54.0843745;61.5586831;78637;1743
456040;Уральский;Челябинская область;Усть-Катав;UTC+5;54.9260812;58.152805;23586;1758
456439;Уральский;Челябинская область;Чебаркуль;UTC+5;54.9818567;60.3773121;43405;1736
454000;Уральский;Челябинская область;Челябинск;UTC+5;55.1602624;61.4008078;1130273;1736
457040;Уральский;Челябинская область;Южноуральск;UTC+5;54.448927;61.2581158;37890;1948
456120;Уральский;Челябинская область;Юрюзань;UTC+5;54.854662;58.4226698;12568;1758
364000;Северо-Кавказский;Чеченская Республика;Грозный;UTC+3;43.3180145;45.698291;271596;1818
366200;Северо-Кавказский;Чеченская Республика;Гудермес;UTC+3;43.3519142;46.1035645;45643;1800
366314;Северо-Кавказский;Чеченская Республика;Курчалой;UTC+3;43.2046547;46.0889364;25672;1860
366300;Северо-Кавказский;Чеченская Республика;Шали;UTC+3;43.1488691;45.9009629;47715;1378
429820;Приволжский;Чувашская республика;Алатырь;UTC+3;54.8397989;46.5721997;38202;1552
429330;Приволжский;Чувашская республика;Канаш;UTC+3;55.507;47.4918273;45608;1892
429430;Приволжский;Чувашская республика;Козловка;UTC+3;55.8406025;48.2577735;10355;1671
429570;Приволжский;Чувашская республика;Мариинский Посад;UTC+3;56.111923;47.7142942;10186;1620
429950;Приволжский;Чувашская республика;Новочебоксарск;UTC+3;56.1094977;47.4791113;124094;1960
429900;Приволжский;Чувашская республика;Цивильск;UTC+3;55.8650213;47.4729349;13478;1589
428000;Приволжский;Чувашская республика;Чебоксары;UTC+3;56.1438298;47.2489782;447929;1469
429120;Приволжский;Чувашская республика;Шумерля;UTC+3;55.4962415;46.4182681;33412;1916
429061;Приволжский;Чувашская республика;Ядрин;UTC+3;55.9406974;46.2020896;9614;1590
689000;Дальневосточный;Чукотский автономный округ;Анадырь;UTC+12;64.7313924;177.5015421;13053;1889
689450;Дальневосточный;Чукотский автономный округ;Билибино;UTC+12;68.0584191;166.4388172;5504;1955
689400;Дальневосточный;Чукотский автономный округ;Певек;UTC+12;69.7016661;170.2999022;4161;1933
678900;Дальневосточный;Республика Саха /Якутия/;Алдан;UTC+9;58.6094283;125.3817188;21277;1924
678530;Дальневосточный;Республика Саха /Якутия/;Верхоянск;UTC+10;67.5502451;133.390735;1311;1638
678200;Дальневосточный;Республика Саха /Якутия/;Вилюйск;UTC+9;63.7517616;121.627284;10233;1634
678141;Дальневосточный;Республика Саха /Якутия/;Ленск;UTC+9;60.7276196;114.9548255;24955;1663
678170;Дальневосточный;Республика Саха /Якутия/;Мирный;UTC+9;62.536232;113.9667728;37179;1955
678960;Дальневосточный;Республика Саха /Якутия/;Нерюнгри;UTC+9;56.6599953;124.7202403;61746;1975
678450;Дальневосточный;Республика Саха /Якутия/;Нюрба;UTC+9;63.2828955;118.3242437;10156;1824
678100;Дальневосточный;Республика Саха /Якутия/;Олекминск;UTC+9;60.3758006;120.4060878;9487;1635
678000;Дальневосточный;Республика Саха /Якутия/;Покровск;UTC+9;61.4843503;129.1482392;9495;1682
678790;Дальневосточный;Республика Саха /Якутия/;Среднеколымск;UTC+11;67.4582218;153.7069425;3525;1643
678953;Дальневосточный;Республика Саха /Якутия/;Томмот;UTC+9;58.9586859;126.2875462;8054;1923
678188;Дальневосточный;Республика Саха /Якутия/;Удачный;UTC+9;66.4071765;112.3061555;12611;1967
677000;Дальневосточный;Республика Саха /Якутия/;Якутск;UTC+9;62.0281405;129.7325887;269486;1632
629830;Уральский;Ямало-Ненецкий автономный округ;Губкинский;UTC+5;64.4457594;76.4713274;23340;1986
629400;Уральский;Ямало-Ненецкий автономный округ;Лабытнанги;UTC+5;66.6592841;66.3883009;26948;1890
629601;Уральский;Ямало-Ненецкий автономный округ;Муравленко;UTC+5;63.7940552;74.4948635;33401;1984
629734;Уральский;Ямало-Ненецкий автономный округ;Надым;UTC+5;65.5377966;72.5182736;46550;1597
629300;Уральский;Ямало-Ненецкий автономный округ;Новый Уренгой;UTC+5;66.0839433;76.6809681;104144;1975
629800;Уральский;Ямало-Ненецкий автономный округ;Ноябрьск;UTC+5;63.2018039;75.4510581;110572;1976
629000;Уральский;Ямало-Ненецкий автономный округ;Салехард;UTC+5;66.5492077;66.6085318;42494;1595
629850;Уральский;Ямало-Ненецкий автономный округ;Тарко-Сале;UTC+5;64.9118803;77.7610236;20372;1932
152240;Центральный;Ярославская область;Гаврилов-Ям;UTC+3;57.3091058;39.8546444;17792;1545
152070;Центральный;Ярославская область;Данилов;UTC+3;58.1860098;40.1795067;15861;1400
152470;Центральный;Ярославская область;Любим;UTC+3;58.3620228;40.686841;5553;1538
152830;Центральный;Ярославская область;Мышкин;UTC+3;57.7881684;38.4544224;5932;1400
152020;Центральный;Ярославская область;Переславль-Залесский;UTC+3;56.7360544;38.8543617;41923;1152
152850;Центральный;Ярославская область;Пошехонье;UTC+3;58.5062879;39.1208434;6085;1680
152150;Центральный;Ярославская область;Ростов;UTC+3;57.2051315;39.4378622;31791;862
152900;Центральный;Ярославская область;Рыбинск;UTC+3;58.0485495;38.8584119;200771;1071
152300;Центральный;Ярославская область;Тутаев;UTC+3;57.8674993;39.5369627;41001;1200
152610;Центральный;Ярославская область;Углич;UTC+3;57.5224249;38.3020044;34505;1148
150000;Центральный;Ярославская область;Ярославль;UTC+3;57.6215477;39.8977411;591486;1010
